county,candidate,votes,fips
Adams,Abram Loeb,0,18001
Adams,Brian Carroll,0,18001
Adams,Christopher Stried,0,18001
Adams,Deborah Rouse,0,18001
Adams,Donald J. Trump,10686,18001
Adams,Howie Hawkins,0,18001
Adams,James L Johnson Jr.,0,18001
Adams,Jo Jorgensen,287,18001
Adams,Joe Schriner,0,18001
Adams,Joseph R. Biden,3236,18001
Adams,Kasey Wells,0,18001
Adams,Mitchell Williams,0,18001
Adams,Randall F,0,18001
Adams,Shawn Howard,0,18001
Adams,Valerie Mccray,0,18001
Allen,Abram Loeb,0,18003
Allen,Brian Carroll,51,18003
Allen,Christopher Stried,0,18003
Allen,Deborah Rouse,0,18003
Allen,Donald J. Trump,92083,18003
Allen,Howie Hawkins,29,18003
Allen,James L Johnson Jr.,0,18003
Allen,Jo Jorgensen,3728,18003
Allen,Joe Schriner,0,18003
Allen,Joseph R. Biden,73189,18003
Allen,Kasey Wells,0,18003
Allen,Mitchell Williams,0,18003
Allen,Randall F,0,18003
Allen,Shawn Howard,2,18003
Allen,Valerie Mccray,0,18003
Bartholomew,Abram Loeb,0,18005
Bartholomew,Brian Carroll,10,18005
Bartholomew,Christopher Stried,0,18005
Bartholomew,Deborah Rouse,0,18005
Bartholomew,Donald J. Trump,22410,18005
Bartholomew,Howie Hawkins,9,18005
Bartholomew,James L Johnson Jr.,0,18005
Bartholomew,Jo Jorgensen,872,18005
Bartholomew,Joe Schriner,0,18005
Bartholomew,Joseph R. Biden,12934,18005
Bartholomew,Kasey Wells,0,18005
Bartholomew,Mitchell Williams,0,18005
Bartholomew,Randall F,0,18005
Bartholomew,Shawn Howard,0,18005
Bartholomew,Valerie Mccray,0,18005
Benton,Abram Loeb,0,18007
Benton,Brian Carroll,3,18007
Benton,Christopher Stried,0,18007
Benton,Deborah Rouse,0,18007
Benton,Donald J. Trump,3007,18007
Benton,Howie Hawkins,1,18007
Benton,James L Johnson Jr.,0,18007
Benton,Jo Jorgensen,92,18007
Benton,Joe Schriner,0,18007
Benton,Joseph R. Biden,1009,18007
Benton,Kasey Wells,0,18007
Benton,Mitchell Williams,0,18007
Benton,Randall F,0,18007
Benton,Shawn Howard,0,18007
Benton,Valerie Mccray,2,18007
Blackford,Abram Loeb,0,18009
Blackford,Brian Carroll,1,18009
Blackford,Christopher Stried,0,18009
Blackford,Deborah Rouse,0,18009
Blackford,Donald J. Trump,3841,18009
Blackford,Howie Hawkins,1,18009
Blackford,James L Johnson Jr.,0,18009
Blackford,Jo Jorgensen,132,18009
Blackford,Joe Schriner,0,18009
Blackford,Joseph R. Biden,1376,18009
Blackford,Kasey Wells,0,18009
Blackford,Mitchell Williams,0,18009
Blackford,Randall F,0,18009
Blackford,Shawn Howard,0,18009
Blackford,Valerie Mccray,0,18009
Boone,Abram Loeb,0,18011
Boone,Brian Carroll,13,18011
Boone,Christopher Stried,0,18011
Boone,Deborah Rouse,0,18011
Boone,Donald J. Trump,22351,18011
Boone,Howie Hawkins,7,18011
Boone,James L Johnson Jr.,0,18011
Boone,Jo Jorgensen,905,18011
Boone,Joe Schriner,0,18011
Boone,Joseph R. Biden,15244,18011
Boone,Kasey Wells,0,18011
Boone,Mitchell Williams,0,18011
Boone,Randall F,0,18011
Boone,Shawn Howard,0,18011
Boone,Valerie Mccray,0,18011
Brown,Abram Loeb,0,18013
Brown,Brian Carroll,0,18013
Brown,Christopher Stried,0,18013
Brown,Deborah Rouse,0,18013
Brown,Donald J. Trump,5777,18013
Brown,Howie Hawkins,0,18013
Brown,James L Johnson Jr.,0,18013
Brown,Jo Jorgensen,168,18013
Brown,Joe Schriner,0,18013
Brown,Joseph R. Biden,3036,18013
Brown,Kasey Wells,0,18013
Brown,Mitchell Williams,0,18013
Brown,Randall F,0,18013
Brown,Shawn Howard,0,18013
Brown,Valerie Mccray,0,18013
Carroll,Abram Loeb,0,18015
Carroll,Brian Carroll,0,18015
Carroll,Christopher Stried,0,18015
Carroll,Deborah Rouse,0,18015
Carroll,Donald J. Trump,7086,18015
Carroll,Howie Hawkins,0,18015
Carroll,James L Johnson Jr.,0,18015
Carroll,Jo Jorgensen,185,18015
Carroll,Joe Schriner,0,18015
Carroll,Joseph R. Biden,2224,18015
Carroll,Kasey Wells,0,18015
Carroll,Mitchell Williams,0,18015
Carroll,Randall F,0,18015
Carroll,Shawn Howard,0,18015
Carroll,Valerie Mccray,0,18015
Cass,Abram Loeb,0,18017
Cass,Brian Carroll,5,18017
Cass,Christopher Stried,0,18017
Cass,Deborah Rouse,0,18017
Cass,Donald J. Trump,10552,18017
Cass,Howie Hawkins,3,18017
Cass,James L Johnson Jr.,0,18017
Cass,Jo Jorgensen,333,18017
Cass,Joe Schriner,0,18017
Cass,Joseph R. Biden,4304,18017
Cass,Kasey Wells,0,18017
Cass,Mitchell Williams,0,18017
Cass,Randall F,0,18017
Cass,Shawn Howard,0,18017
Cass,Valerie Mccray,1,18017
Clark,Abram Loeb,0,18019
Clark,Brian Carroll,0,18019
Clark,Christopher Stried,0,18019
Clark,Deborah Rouse,0,18019
Clark,Donald J. Trump,33668,18019
Clark,Howie Hawkins,0,18019
Clark,James L Johnson Jr.,0,18019
Clark,Jo Jorgensen,1108,18019
Clark,Joe Schriner,0,18019
Clark,Joseph R. Biden,23093,18019
Clark,Kasey Wells,0,18019
Clark,Mitchell Williams,0,18019
Clark,Randall F,0,18019
Clark,Shawn Howard,0,18019
Clark,Valerie Mccray,0,18019
Clay,Abram Loeb,0,18021
Clay,Brian Carroll,2,18021
Clay,Christopher Stried,0,18021
Clay,Deborah Rouse,0,18021
Clay,Donald J. Trump,9499,18021
Clay,Howie Hawkins,6,18021
Clay,James L Johnson Jr.,0,18021
Clay,Jo Jorgensen,208,18021
Clay,Joe Schriner,0,18021
Clay,Joseph R. Biden,2552,18021
Clay,Kasey Wells,0,18021
Clay,Mitchell Williams,0,18021
Clay,Randall F,0,18021
Clay,Shawn Howard,0,18021
Clay,Valerie Mccray,0,18021
Clinton,Abram Loeb,0,18023
Clinton,Brian Carroll,2,18023
Clinton,Christopher Stried,0,18023
Clinton,Deborah Rouse,0,18023
Clinton,Donald J. Trump,9334,18023
Clinton,Howie Hawkins,6,18023
Clinton,James L Johnson Jr.,0,18023
Clinton,Jo Jorgensen,246,18023
Clinton,Joe Schriner,0,18023
Clinton,Joseph R. Biden,3361,18023
Clinton,Kasey Wells,0,18023
Clinton,Mitchell Williams,0,18023
Clinton,Randall F,0,18023
Clinton,Shawn Howard,0,18023
Clinton,Valerie Mccray,0,18023
Crawford,Abram Loeb,0,18025
Crawford,Brian Carroll,0,18025
Crawford,Christopher Stried,0,18025
Crawford,Deborah Rouse,0,18025
Crawford,Donald J. Trump,3483,18025
Crawford,Howie Hawkins,0,18025
Crawford,James L Johnson Jr.,0,18025
Crawford,Jo Jorgensen,106,18025
Crawford,Joe Schriner,0,18025
Crawford,Joseph R. Biden,1355,18025
Crawford,Kasey Wells,0,18025
Crawford,Mitchell Williams,0,18025
Crawford,Randall F,0,18025
Crawford,Shawn Howard,0,18025
Crawford,Valerie Mccray,0,18025
Daviess,Abram Loeb,0,18027
Daviess,Brian Carroll,2,18027
Daviess,Christopher Stried,0,18027
Daviess,Deborah Rouse,0,18027
Daviess,Donald J. Trump,9576,18027
Daviess,Howie Hawkins,3,18027
Daviess,James L Johnson Jr.,0,18027
Daviess,Jo Jorgensen,204,18027
Daviess,Joe Schriner,0,18027
Daviess,Joseph R. Biden,2169,18027
Daviess,Kasey Wells,0,18027
Daviess,Mitchell Williams,0,18027
Daviess,Randall F,0,18027
Daviess,Shawn Howard,0,18027
Daviess,Valerie Mccray,0,18027
Dearborn,Abram Loeb,0,18029
Dearborn,Brian Carroll,9,18029
Dearborn,Christopher Stried,0,18029
Dearborn,Deborah Rouse,0,18029
Dearborn,Donald J. Trump,19528,18029
Dearborn,Howie Hawkins,12,18029
Dearborn,James L Johnson Jr.,0,18029
Dearborn,Jo Jorgensen,387,18029
Dearborn,Joe Schriner,0,18029
Dearborn,Joseph R. Biden,5446,18029
Dearborn,Kasey Wells,0,18029
Dearborn,Mitchell Williams,0,18029
Dearborn,Randall F,0,18029
Dearborn,Shawn Howard,1,18029
Dearborn,Valerie Mccray,0,18029
Decatur,Abram Loeb,0,18031
Decatur,Brian Carroll,0,18031
Decatur,Christopher Stried,0,18031
Decatur,Deborah Rouse,0,18031
Decatur,Donald J. Trump,9575,18031
Decatur,Howie Hawkins,0,18031
Decatur,James L Johnson Jr.,0,18031
Decatur,Jo Jorgensen,273,18031
Decatur,Joe Schriner,0,18031
Decatur,Joseph R. Biden,2439,18031
Decatur,Kasey Wells,0,18031
Decatur,Mitchell Williams,0,18031
Decatur,Randall F,0,18031
Decatur,Shawn Howard,0,18031
Decatur,Valerie Mccray,0,18031
Dekalb,Abram Loeb,0,18033
Dekalb,Brian Carroll,0,18033
Dekalb,Christopher Stried,0,18033
Dekalb,Deborah Rouse,0,18033
Dekalb,Donald J. Trump,14237,18033
Dekalb,Howie Hawkins,0,18033
Dekalb,James L Johnson Jr.,0,18033
Dekalb,Jo Jorgensen,425,18033
Dekalb,Joe Schriner,0,18033
Dekalb,Joseph R. Biden,4966,18033
Dekalb,Kasey Wells,0,18033
Dekalb,Mitchell Williams,0,18033
Dekalb,Randall F,0,18033
Dekalb,Shawn Howard,0,18033
Dekalb,Valerie Mccray,0,18033
Delaware,Abram Loeb,0,18035
Delaware,Brian Carroll,0,18035
Delaware,Christopher Stried,0,18035
Delaware,Deborah Rouse,0,18035
Delaware,Donald J. Trump,26827,18035
Delaware,Howie Hawkins,0,18035
Delaware,James L Johnson Jr.,0,18035
Delaware,Jo Jorgensen,890,18035
Delaware,Joe Schriner,0,18035
Delaware,Joseph R. Biden,20474,18035
Delaware,Kasey Wells,0,18035
Delaware,Mitchell Williams,0,18035
Delaware,Randall F,0,18035
Delaware,Shawn Howard,0,18035
Delaware,Valerie Mccray,0,18035
Dubois,Abram Loeb,0,18037
Dubois,Brian Carroll,13,18037
Dubois,Christopher Stried,0,18037
Dubois,Deborah Rouse,0,18037
Dubois,Donald J. Trump,15033,18037
Dubois,Howie Hawkins,0,18037
Dubois,James L Johnson Jr.,0,18037
Dubois,Jo Jorgensen,432,18037
Dubois,Joe Schriner,0,18037
Dubois,Joseph R. Biden,6292,18037
Dubois,Kasey Wells,0,18037
Dubois,Mitchell Williams,0,18037
Dubois,Randall F,0,18037
Dubois,Shawn Howard,0,18037
Dubois,Valerie Mccray,0,18037
Elkhart,Abram Loeb,0,18039
Elkhart,Brian Carroll,26,18039
Elkhart,Christopher Stried,0,18039
Elkhart,Deborah Rouse,0,18039
Elkhart,Donald J. Trump,46972,18039
Elkhart,Howie Hawkins,37,18039
Elkhart,James L Johnson Jr.,0,18039
Elkhart,Jo Jorgensen,1241,18039
Elkhart,Joe Schriner,1,18039
Elkhart,Joseph R. Biden,26108,18039
Elkhart,Kasey Wells,0,18039
Elkhart,Mitchell Williams,0,18039
Elkhart,Randall F,0,18039
Elkhart,Shawn Howard,2,18039
Elkhart,Valerie Mccray,0,18039
Fayette,Abram Loeb,0,18041
Fayette,Brian Carroll,0,18041
Fayette,Christopher Stried,0,18041
Fayette,Deborah Rouse,0,18041
Fayette,Donald J. Trump,7755,18041
Fayette,Howie Hawkins,0,18041
Fayette,James L Johnson Jr.,0,18041
Fayette,Jo Jorgensen,144,18041
Fayette,Joe Schriner,0,18041
Fayette,Joseph R. Biden,2237,18041
Fayette,Kasey Wells,0,18041
Fayette,Mitchell Williams,0,18041
Fayette,Randall F,0,18041
Fayette,Shawn Howard,0,18041
Fayette,Valerie Mccray,0,18041
Floyd,Abram Loeb,0,18043
Floyd,Brian Carroll,15,18043
Floyd,Christopher Stried,0,18043
Floyd,Deborah Rouse,0,18043
Floyd,Donald J. Trump,23400,18043
Floyd,Howie Hawkins,24,18043
Floyd,James L Johnson Jr.,0,18043
Floyd,Jo Jorgensen,850,18043
Floyd,Joe Schriner,0,18043
Floyd,Joseph R. Biden,17511,18043
Floyd,Kasey Wells,0,18043
Floyd,Mitchell Williams,0,18043
Floyd,Randall F,0,18043
Floyd,Shawn Howard,2,18043
Floyd,Valerie Mccray,0,18043
Fountain,Abram Loeb,0,18045
Fountain,Brian Carroll,1,18045
Fountain,Christopher Stried,0,18045
Fountain,Deborah Rouse,0,18045
Fountain,Donald J. Trump,6154,18045
Fountain,Howie Hawkins,2,18045
Fountain,James L Johnson Jr.,0,18045
Fountain,Jo Jorgensen,200,18045
Fountain,Joe Schriner,0,18045
Fountain,Joseph R. Biden,1629,18045
Fountain,Kasey Wells,0,18045
Fountain,Mitchell Williams,0,18045
Fountain,Randall F,0,18045
Fountain,Shawn Howard,0,18045
Fountain,Valerie Mccray,0,18045
Franklin,Abram Loeb,0,18047
Franklin,Brian Carroll,2,18047
Franklin,Christopher Stried,0,18047
Franklin,Deborah Rouse,0,18047
Franklin,Donald J. Trump,9691,18047
Franklin,Howie Hawkins,1,18047
Franklin,James L Johnson Jr.,0,18047
Franklin,Jo Jorgensen,169,18047
Franklin,Joe Schriner,0,18047
Franklin,Joseph R. Biden,2137,18047
Franklin,Kasey Wells,0,18047
Franklin,Mitchell Williams,0,18047
Franklin,Randall F,0,18047
Franklin,Shawn Howard,0,18047
Franklin,Valerie Mccray,0,18047
Fulton,Abram Loeb,0,18049
Fulton,Brian Carroll,0,18049
Fulton,Christopher Stried,0,18049
Fulton,Deborah Rouse,0,18049
Fulton,Donald J. Trump,6694,18049
Fulton,Howie Hawkins,3,18049
Fulton,James L Johnson Jr.,0,18049
Fulton,Jo Jorgensen,170,18049
Fulton,Joe Schriner,0,18049
Fulton,Joseph R. Biden,2280,18049
Fulton,Kasey Wells,0,18049
Fulton,Mitchell Williams,0,18049
Fulton,Randall F,0,18049
Fulton,Shawn Howard,0,18049
Fulton,Valerie Mccray,0,18049
Gibson,Abram Loeb,0,18051
Gibson,Brian Carroll,0,18051
Gibson,Christopher Stried,0,18051
Gibson,Deborah Rouse,0,18051
Gibson,Donald J. Trump,11817,18051
Gibson,Howie Hawkins,0,18051
Gibson,James L Johnson Jr.,0,18051
Gibson,Jo Jorgensen,321,18051
Gibson,Joe Schriner,0,18051
Gibson,Joseph R. Biden,4023,18051
Gibson,Kasey Wells,0,18051
Gibson,Mitchell Williams,0,18051
Gibson,Randall F,0,18051
Gibson,Shawn Howard,0,18051
Gibson,Valerie Mccray,0,18051
Grant,Abram Loeb,0,18053
Grant,Brian Carroll,12,18053
Grant,Christopher Stried,0,18053
Grant,Deborah Rouse,0,18053
Grant,Donald J. Trump,18543,18053
Grant,Howie Hawkins,4,18053
Grant,James L Johnson Jr.,0,18053
Grant,Jo Jorgensen,584,18053
Grant,Joe Schriner,0,18053
Grant,Joseph R. Biden,8015,18053
Grant,Kasey Wells,0,18053
Grant,Mitchell Williams,0,18053
Grant,Randall F,0,18053
Grant,Shawn Howard,0,18053
Grant,Valerie Mccray,1,18053
Greene,Abram Loeb,0,18055
Greene,Brian Carroll,0,18055
Greene,Christopher Stried,0,18055
Greene,Deborah Rouse,0,18055
Greene,Donald J. Trump,11103,18055
Greene,Howie Hawkins,1,18055
Greene,James L Johnson Jr.,0,18055
Greene,Jo Jorgensen,290,18055
Greene,Joe Schriner,0,18055
Greene,Joseph R. Biden,3389,18055
Greene,Kasey Wells,0,18055
Greene,Mitchell Williams,0,18055
Greene,Randall F,0,18055
Greene,Shawn Howard,1,18055
Greene,Valerie Mccray,0,18055
Hamilton,Abram Loeb,0,18057
Hamilton,Brian Carroll,59,18057
Hamilton,Christopher Stried,0,18057
Hamilton,Deborah Rouse,1,18057
Hamilton,Donald J. Trump,101587,18057
Hamilton,Howie Hawkins,57,18057
Hamilton,James L Johnson Jr.,3,18057
Hamilton,Jo Jorgensen,3894,18057
Hamilton,Joe Schriner,3,18057
Hamilton,Joseph R. Biden,88390,18057
Hamilton,Kasey Wells,0,18057
Hamilton,Mitchell Williams,1,18057
Hamilton,Randall F,0,18057
Hamilton,Shawn Howard,3,18057
Hamilton,Valerie Mccray,1,18057
Hancock,Abram Loeb,0,18059
Hancock,Brian Carroll,2,18059
Hancock,Christopher Stried,0,18059
Hancock,Deborah Rouse,0,18059
Hancock,Donald J. Trump,28996,18059
Hancock,Howie Hawkins,2,18059
Hancock,James L Johnson Jr.,0,18059
Hancock,Jo Jorgensen,1016,18059
Hancock,Joe Schriner,0,18059
Hancock,Joseph R. Biden,12895,18059
Hancock,Kasey Wells,0,18059
Hancock,Mitchell Williams,0,18059
Hancock,Randall F,0,18059
Hancock,Shawn Howard,0,18059
Hancock,Valerie Mccray,0,18059
Harrison,Abram Loeb,0,18061
Harrison,Brian Carroll,2,18061
Harrison,Christopher Stried,0,18061
Harrison,Deborah Rouse,0,18061
Harrison,Donald J. Trump,14565,18061
Harrison,Howie Hawkins,3,18061
Harrison,James L Johnson Jr.,0,18061
Harrison,Jo Jorgensen,323,18061
Harrison,Joe Schriner,0,18061
Harrison,Joseph R. Biden,5343,18061
Harrison,Kasey Wells,0,18061
Harrison,Mitchell Williams,0,18061
Harrison,Randall F,0,18061
Harrison,Shawn Howard,0,18061
Harrison,Valerie Mccray,0,18061
Hendricks,Abram Loeb,0,18063
Hendricks,Brian Carroll,28,18063
Hendricks,Christopher Stried,0,18063
Hendricks,Deborah Rouse,0,18063
Hendricks,Donald J. Trump,53802,18063
Hendricks,Howie Hawkins,18,18063
Hendricks,James L Johnson Jr.,0,18063
Hendricks,Jo Jorgensen,2052,18063
Hendricks,Joe Schriner,0,18063
Hendricks,Joseph R. Biden,32604,18063
Hendricks,Kasey Wells,0,18063
Hendricks,Mitchell Williams,0,18063
Hendricks,Randall F,0,18063
Hendricks,Shawn Howard,1,18063
Hendricks,Valerie Mccray,0,18063
Henry,Abram Loeb,0,18065
Henry,Brian Carroll,3,18065
Henry,Christopher Stried,0,18065
Henry,Deborah Rouse,0,18065
Henry,Donald J. Trump,15043,18065
Henry,Howie Hawkins,4,18065
Henry,James L Johnson Jr.,0,18065
Henry,Jo Jorgensen,434,18065
Henry,Joe Schriner,0,18065
Henry,Joseph R. Biden,5544,18065
Henry,Kasey Wells,0,18065
Henry,Mitchell Williams,0,18065
Henry,Randall F,0,18065
Henry,Shawn Howard,0,18065
Henry,Valerie Mccray,2,18065
Howard,Abram Loeb,0,18067
Howard,Brian Carroll,8,18067
Howard,Christopher Stried,0,18067
Howard,Deborah Rouse,0,18067
Howard,Donald J. Trump,26449,18067
Howard,Howie Hawkins,12,18067
Howard,James L Johnson Jr.,0,18067
Howard,Jo Jorgensen,858,18067
Howard,Joe Schriner,0,18067
Howard,Joseph R. Biden,13303,18067
Howard,Kasey Wells,0,18067
Howard,Mitchell Williams,0,18067
Howard,Randall F,0,18067
Howard,Shawn Howard,0,18067
Howard,Valerie Mccray,0,18067
Huntington,Abram Loeb,0,18069
Huntington,Brian Carroll,12,18069
Huntington,Christopher Stried,0,18069
Huntington,Deborah Rouse,0,18069
Huntington,Donald J. Trump,13147,18069
Huntington,Howie Hawkins,7,18069
Huntington,James L Johnson Jr.,0,18069
Huntington,Jo Jorgensen,408,18069
Huntington,Joe Schriner,0,18069
Huntington,Joseph R. Biden,4255,18069
Huntington,Kasey Wells,0,18069
Huntington,Mitchell Williams,0,18069
Huntington,Randall F,0,18069
Huntington,Shawn Howard,0,18069
Huntington,Valerie Mccray,0,18069
Jackson,Abram Loeb,0,18071
Jackson,Brian Carroll,0,18071
Jackson,Christopher Stried,0,18071
Jackson,Deborah Rouse,0,18071
Jackson,Donald J. Trump,14555,18071
Jackson,Howie Hawkins,0,18071
Jackson,James L Johnson Jr.,0,18071
Jackson,Jo Jorgensen,381,18071
Jackson,Joe Schriner,0,18071
Jackson,Joseph R. Biden,4302,18071
Jackson,Kasey Wells,0,18071
Jackson,Mitchell Williams,0,18071
Jackson,Randall F,0,18071
Jackson,Shawn Howard,0,18071
Jackson,Valerie Mccray,0,18071
Jasper,Abram Loeb,0,18073
Jasper,Brian Carroll,1,18073
Jasper,Christopher Stried,0,18073
Jasper,Deborah Rouse,0,18073
Jasper,Donald J. Trump,11383,18073
Jasper,Howie Hawkins,4,18073
Jasper,James L Johnson Jr.,0,18073
Jasper,Jo Jorgensen,288,18073
Jasper,Joe Schriner,1,18073
Jasper,Joseph R. Biden,3798,18073
Jasper,Kasey Wells,0,18073
Jasper,Mitchell Williams,0,18073
Jasper,Randall F,0,18073
Jasper,Shawn Howard,0,18073
Jasper,Valerie Mccray,0,18073
Jay,Abram Loeb,0,18075
Jay,Brian Carroll,2,18075
Jay,Christopher Stried,0,18075
Jay,Deborah Rouse,0,18075
Jay,Donald J. Trump,6361,18075
Jay,Howie Hawkins,3,18075
Jay,James L Johnson Jr.,0,18075
Jay,Jo Jorgensen,169,18075
Jay,Joe Schriner,0,18075
Jay,Joseph R. Biden,1926,18075
Jay,Kasey Wells,0,18075
Jay,Mitchell Williams,0,18075
Jay,Randall F,0,18075
Jay,Shawn Howard,0,18075
Jay,Valerie Mccray,0,18075
Jefferson,Abram Loeb,0,18077
Jefferson,Brian Carroll,1,18077
Jefferson,Christopher Stried,0,18077
Jefferson,Deborah Rouse,0,18077
Jefferson,Donald J. Trump,9663,18077
Jefferson,Howie Hawkins,6,18077
Jefferson,James L Johnson Jr.,0,18077
Jefferson,Jo Jorgensen,296,18077
Jefferson,Joe Schriner,0,18077
Jefferson,Joseph R. Biden,4731,18077
Jefferson,Kasey Wells,0,18077
Jefferson,Mitchell Williams,0,18077
Jefferson,Randall F,0,18077
Jefferson,Shawn Howard,0,18077
Jefferson,Valerie Mccray,0,18077
Jennings,Abram Loeb,0,18079
Jennings,Brian Carroll,0,18079
Jennings,Christopher Stried,0,18079
Jennings,Deborah Rouse,0,18079
Jennings,Donald J. Trump,9490,18079
Jennings,Howie Hawkins,0,18079
Jennings,James L Johnson Jr.,0,18079
Jennings,Jo Jorgensen,238,18079
Jennings,Joe Schriner,0,18079
Jennings,Joseph R. Biden,2523,18079
Jennings,Kasey Wells,0,18079
Jennings,Mitchell Williams,0,18079
Jennings,Randall F,0,18079
Jennings,Shawn Howard,0,18079
Jennings,Valerie Mccray,0,18079
Johnson,Abram Loeb,0,18081
Johnson,Brian Carroll,13,18081
Johnson,Christopher Stried,0,18081
Johnson,Deborah Rouse,0,18081
Johnson,Donald J. Trump,51219,18081
Johnson,Howie Hawkins,30,18081
Johnson,James L Johnson Jr.,0,18081
Johnson,Jo Jorgensen,1618,18081
Johnson,Joe Schriner,0,18081
Johnson,Joseph R. Biden,24736,18081
Johnson,Kasey Wells,0,18081
Johnson,Mitchell Williams,0,18081
Johnson,Randall F,0,18081
Johnson,Shawn Howard,2,18081
Johnson,Valerie Mccray,0,18081
Knox,Abram Loeb,0,18083
Knox,Brian Carroll,3,18083
Knox,Christopher Stried,0,18083
Knox,Deborah Rouse,0,18083
Knox,Donald J. Trump,11655,18083
Knox,Howie Hawkins,4,18083
Knox,James L Johnson Jr.,0,18083
Knox,Jo Jorgensen,282,18083
Knox,Joe Schriner,0,18083
Knox,Joseph R. Biden,4067,18083
Knox,Kasey Wells,0,18083
Knox,Mitchell Williams,0,18083
Knox,Randall F,0,18083
Knox,Shawn Howard,0,18083
Knox,Valerie Mccray,0,18083
Kosciusko,Abram Loeb,0,18085
Kosciusko,Brian Carroll,16,18085
Kosciusko,Christopher Stried,0,18085
Kosciusko,Deborah Rouse,0,18085
Kosciusko,Donald J. Trump,26499,18085
Kosciusko,Howie Hawkins,5,18085
Kosciusko,James L Johnson Jr.,0,18085
Kosciusko,Jo Jorgensen,903,18085
Kosciusko,Joe Schriner,0,18085
Kosciusko,Joseph R. Biden,8364,18085
Kosciusko,Kasey Wells,0,18085
Kosciusko,Mitchell Williams,0,18085
Kosciusko,Randall F,0,18085
Kosciusko,Shawn Howard,0,18085
Kosciusko,Valerie Mccray,0,18085
Lagrange,Abram Loeb,0,18087
Lagrange,Brian Carroll,0,18087
Lagrange,Christopher Stried,0,18087
Lagrange,Deborah Rouse,0,18087
Lagrange,Donald J. Trump,8110,18087
Lagrange,Howie Hawkins,0,18087
Lagrange,James L Johnson Jr.,0,18087
Lagrange,Jo Jorgensen,168,18087
Lagrange,Joe Schriner,0,18087
Lagrange,Joseph R. Biden,2355,18087
Lagrange,Kasey Wells,0,18087
Lagrange,Mitchell Williams,0,18087
Lagrange,Randall F,0,18087
Lagrange,Shawn Howard,0,18087
Lagrange,Valerie Mccray,0,18087
Lake,Abram Loeb,0,18089
Lake,Brian Carroll,33,18089
Lake,Christopher Stried,1,18089
Lake,Deborah Rouse,0,18089
Lake,Donald J. Trump,91760,18089
Lake,Howie Hawkins,76,18089
Lake,James L Johnson Jr.,1,18089
Lake,Jo Jorgensen,3212,18089
Lake,Joe Schriner,0,18089
Lake,Joseph R. Biden,124870,18089
Lake,Kasey Wells,0,18089
Lake,Mitchell Williams,1,18089
Lake,Randall F,0,18089
Lake,Shawn Howard,1,18089
Lake,Valerie Mccray,1,18089
Laporte,Abram Loeb,0,18091
Laporte,Brian Carroll,0,18091
Laporte,Christopher Stried,0,18091
Laporte,Deborah Rouse,0,18091
Laporte,Donald J. Trump,25997,18091
Laporte,Howie Hawkins,0,18091
Laporte,James L Johnson Jr.,0,18091
Laporte,Jo Jorgensen,968,18091
Laporte,Joe Schriner,0,18091
Laporte,Joseph R. Biden,22427,18091
Laporte,Kasey Wells,0,18091
Laporte,Mitchell Williams,0,18091
Laporte,Randall F,0,18091
Laporte,Shawn Howard,0,18091
Laporte,Valerie Mccray,0,18091
Lawrence,Abram Loeb,0,18093
Lawrence,Brian Carroll,0,18093
Lawrence,Christopher Stried,0,18093
Lawrence,Deborah Rouse,0,18093
Lawrence,Donald J. Trump,15601,18093
Lawrence,Howie Hawkins,0,18093
Lawrence,James L Johnson Jr.,0,18093
Lawrence,Jo Jorgensen,463,18093
Lawrence,Joe Schriner,0,18093
Lawrence,Joseph R. Biden,4961,18093
Lawrence,Kasey Wells,0,18093
Lawrence,Mitchell Williams,0,18093
Lawrence,Randall F,0,18093
Lawrence,Shawn Howard,0,18093
Lawrence,Valerie Mccray,0,18093
Madison,Abram Loeb,0,18095
Madison,Brian Carroll,14,18095
Madison,Christopher Stried,0,18095
Madison,Deborah Rouse,0,18095
Madison,Donald J. Trump,31215,18095
Madison,Howie Hawkins,12,18095
Madison,James L Johnson Jr.,0,18095
Madison,Jo Jorgensen,1026,18095
Madison,Joe Schriner,1,18095
Madison,Joseph R. Biden,19524,18095
Madison,Kasey Wells,0,18095
Madison,Mitchell Williams,0,18095
Madison,Randall F,0,18095
Madison,Shawn Howard,0,18095
Madison,Valerie Mccray,1,18095
Marion,Abram Loeb,0,18097
Marion,Brian Carroll,174,18097
Marion,Christopher Stried,1,18097
Marion,Deborah Rouse,1,18097
Marion,Donald J. Trump,134175,18097
Marion,Howie Hawkins,254,18097
Marion,James L Johnson Jr.,0,18097
Marion,Jo Jorgensen,7228,18097
Marion,Joe Schriner,4,18097
Marion,Joseph R. Biden,247772,18097
Marion,Kasey Wells,0,18097
Marion,Mitchell Williams,1,18097
Marion,Randall F,0,18097
Marion,Shawn Howard,3,18097
Marion,Valerie Mccray,6,18097
Marshall,Abram Loeb,0,18099
Marshall,Brian Carroll,5,18099
Marshall,Christopher Stried,0,18099
Marshall,Deborah Rouse,0,18099
Marshall,Donald J. Trump,13844,18099
Marshall,Howie Hawkins,4,18099
Marshall,James L Johnson Jr.,0,18099
Marshall,Jo Jorgensen,362,18099
Marshall,Joe Schriner,0,18099
Marshall,Joseph R. Biden,5712,18099
Marshall,Kasey Wells,0,18099
Marshall,Mitchell Williams,0,18099
Marshall,Randall F,0,18099
Marshall,Shawn Howard,0,18099
Marshall,Valerie Mccray,0,18099
Martin,Abram Loeb,0,18101
Martin,Brian Carroll,0,18101
Martin,Christopher Stried,0,18101
Martin,Deborah Rouse,0,18101
Martin,Donald J. Trump,4029,18101
Martin,Howie Hawkins,0,18101
Martin,James L Johnson Jr.,0,18101
Martin,Jo Jorgensen,104,18101
Martin,Joe Schriner,0,18101
Martin,Joseph R. Biden,1011,18101
Martin,Kasey Wells,0,18101
Martin,Mitchell Williams,0,18101
Martin,Randall F,0,18101
Martin,Shawn Howard,0,18101
Martin,Valerie Mccray,0,18101
Miami,Abram Loeb,0,18103
Miami,Brian Carroll,2,18103
Miami,Christopher Stried,0,18103
Miami,Deborah Rouse,0,18103
Miami,Donald J. Trump,10925,18103
Miami,Howie Hawkins,5,18103
Miami,James L Johnson Jr.,0,18103
Miami,Jo Jorgensen,306,18103
Miami,Joe Schriner,0,18103
Miami,Joseph R. Biden,3235,18103
Miami,Kasey Wells,0,18103
Miami,Mitchell Williams,0,18103
Miami,Randall F,0,18103
Miami,Shawn Howard,0,18103
Miami,Valerie Mccray,0,18103
Monroe,Abram Loeb,0,18105
Monroe,Brian Carroll,25,18105
Monroe,Christopher Stried,0,18105
Monroe,Deborah Rouse,1,18105
Monroe,Donald J. Trump,22071,18105
Monroe,Howie Hawkins,88,18105
Monroe,James L Johnson Jr.,0,18105
Monroe,Jo Jorgensen,1105,18105
Monroe,Joe Schriner,0,18105
Monroe,Joseph R. Biden,39861,18105
Monroe,Kasey Wells,0,18105
Monroe,Mitchell Williams,0,18105
Monroe,Randall F,0,18105
Monroe,Shawn Howard,0,18105
Monroe,Valerie Mccray,0,18105
Montgomery,Abram Loeb,0,18107
Montgomery,Brian Carroll,0,18107
Montgomery,Christopher Stried,0,18107
Montgomery,Deborah Rouse,0,18107
Montgomery,Donald J. Trump,12659,18107
Montgomery,Howie Hawkins,0,18107
Montgomery,James L Johnson Jr.,0,18107
Montgomery,Jo Jorgensen,326,18107
Montgomery,Joe Schriner,0,18107
Montgomery,Joseph R. Biden,4213,18107
Montgomery,Kasey Wells,0,18107
Montgomery,Mitchell Williams,0,18107
Montgomery,Randall F,0,18107
Montgomery,Shawn Howard,0,18107
Montgomery,Valerie Mccray,0,18107
Morgan,Abram Loeb,0,18109
Morgan,Brian Carroll,2,18109
Morgan,Christopher Stried,0,18109
Morgan,Deborah Rouse,0,18109
Morgan,Donald J. Trump,27512,18109
Morgan,Howie Hawkins,2,18109
Morgan,James L Johnson Jr.,0,18109
Morgan,Jo Jorgensen,862,18109
Morgan,Joe Schriner,0,18109
Morgan,Joseph R. Biden,7781,18109
Morgan,Kasey Wells,0,18109
Morgan,Mitchell Williams,0,18109
Morgan,Randall F,0,18109
Morgan,Shawn Howard,0,18109
Morgan,Valerie Mccray,0,18109
Newton,Abram Loeb,0,18111
Newton,Brian Carroll,0,18111
Newton,Christopher Stried,0,18111
Newton,Deborah Rouse,0,18111
Newton,Donald J. Trump,4942,18111
Newton,Howie Hawkins,0,18111
Newton,James L Johnson Jr.,0,18111
Newton,Jo Jorgensen,140,18111
Newton,Joe Schriner,0,18111
Newton,Joseph R. Biden,1509,18111
Newton,Kasey Wells,0,18111
Newton,Mitchell Williams,0,18111
Newton,Randall F,0,18111
Newton,Shawn Howard,0,18111
Newton,Valerie Mccray,0,18111
Noble,Abram Loeb,0,18113
Noble,Brian Carroll,0,18113
Noble,Christopher Stried,0,18113
Noble,Deborah Rouse,0,18113
Noble,Donald J. Trump,14195,18113
Noble,Howie Hawkins,0,18113
Noble,James L Johnson Jr.,0,18113
Noble,Jo Jorgensen,335,18113
Noble,Joe Schriner,0,18113
Noble,Joseph R. Biden,4660,18113
Noble,Kasey Wells,0,18113
Noble,Mitchell Williams,0,18113
Noble,Randall F,0,18113
Noble,Shawn Howard,0,18113
Noble,Valerie Mccray,0,18113
Ohio,Abram Loeb,0,18115
Ohio,Brian Carroll,0,18115
Ohio,Christopher Stried,0,18115
Ohio,Deborah Rouse,0,18115
Ohio,Donald J. Trump,2054,18115
Ohio,Howie Hawkins,0,18115
Ohio,James L Johnson Jr.,0,18115
Ohio,Jo Jorgensen,353,18115
Ohio,Joe Schriner,0,18115
Ohio,Joseph R. Biden,668,18115
Ohio,Kasey Wells,0,18115
Ohio,Mitchell Williams,0,18115
Ohio,Randall F,0,18115
Ohio,Shawn Howard,0,18115
Ohio,Valerie Mccray,0,18115
Orange,Abram Loeb,0,18117
Orange,Brian Carroll,2,18117
Orange,Christopher Stried,0,18117
Orange,Deborah Rouse,0,18117
Orange,Donald J. Trump,6432,18117
Orange,Howie Hawkins,0,18117
Orange,James L Johnson Jr.,0,18117
Orange,Jo Jorgensen,174,18117
Orange,Joe Schriner,0,18117
Orange,Joseph R. Biden,2224,18117
Orange,Kasey Wells,0,18117
Orange,Mitchell Williams,0,18117
Orange,Randall F,0,18117
Orange,Shawn Howard,0,18117
Orange,Valerie Mccray,0,18117
Owen,Abram Loeb,0,18119
Owen,Brian Carroll,0,18119
Owen,Christopher Stried,0,18119
Owen,Deborah Rouse,0,18119
Owen,Donald J. Trump,7286,18119
Owen,Howie Hawkins,0,18119
Owen,James L Johnson Jr.,0,18119
Owen,Jo Jorgensen,198,18119
Owen,Joe Schriner,0,18119
Owen,Joseph R. Biden,2420,18119
Owen,Kasey Wells,0,18119
Owen,Mitchell Williams,0,18119
Owen,Randall F,0,18119
Owen,Shawn Howard,0,18119
Owen,Valerie Mccray,0,18119
Parke,Abram Loeb,0,18121
Parke,Brian Carroll,0,18121
Parke,Christopher Stried,0,18121
Parke,Deborah Rouse,0,18121
Parke,Donald J. Trump,5400,18121
Parke,Howie Hawkins,0,18121
Parke,James L Johnson Jr.,0,18121
Parke,Jo Jorgensen,110,18121
Parke,Joe Schriner,0,18121
Parke,Joseph R. Biden,1503,18121
Parke,Kasey Wells,0,18121
Parke,Mitchell Williams,0,18121
Parke,Randall F,0,18121
Parke,Shawn Howard,0,18121
Parke,Valerie Mccray,0,18121
Perry,Abram Loeb,0,18123
Perry,Brian Carroll,0,18123
Perry,Christopher Stried,0,18123
Perry,Deborah Rouse,0,18123
Perry,Donald J. Trump,5345,18123
Perry,Howie Hawkins,0,18123
Perry,James L Johnson Jr.,0,18123
Perry,Jo Jorgensen,174,18123
Perry,Joe Schriner,0,18123
Perry,Joseph R. Biden,3203,18123
Perry,Kasey Wells,0,18123
Perry,Mitchell Williams,0,18123
Perry,Randall F,0,18123
Perry,Shawn Howard,0,18123
Perry,Valerie Mccray,0,18123
Pike,Abram Loeb,0,18125
Pike,Brian Carroll,0,18125
Pike,Christopher Stried,0,18125
Pike,Deborah Rouse,0,18125
Pike,Donald J. Trump,4692,18125
Pike,Howie Hawkins,0,18125
Pike,James L Johnson Jr.,0,18125
Pike,Jo Jorgensen,113,18125
Pike,Joe Schriner,0,18125
Pike,Joseph R. Biden,1415,18125
Pike,Kasey Wells,0,18125
Pike,Mitchell Williams,0,18125
Pike,Randall F,0,18125
Pike,Shawn Howard,0,18125
Pike,Valerie Mccray,0,18125
Porter,Abram Loeb,0,18127
Porter,Brian Carroll,30,18127
Porter,Christopher Stried,0,18127
Porter,Deborah Rouse,0,18127
Porter,Donald J. Trump,45008,18127
Porter,Howie Hawkins,66,18127
Porter,James L Johnson Jr.,0,18127
Porter,Jo Jorgensen,1656,18127
Porter,Joe Schriner,0,18127
Porter,Joseph R. Biden,39746,18127
Porter,Kasey Wells,1,18127
Porter,Mitchell Williams,0,18127
Porter,Randall F,0,18127
Porter,Shawn Howard,2,18127
Porter,Valerie Mccray,0,18127
Posey,Abram Loeb,0,18129
Posey,Brian Carroll,2,18129
Posey,Christopher Stried,0,18129
Posey,Deborah Rouse,0,18129
Posey,Donald J. Trump,9206,18129
Posey,Howie Hawkins,2,18129
Posey,James L Johnson Jr.,0,18129
Posey,Jo Jorgensen,214,18129
Posey,Joe Schriner,0,18129
Posey,Joseph R. Biden,3811,18129
Posey,Kasey Wells,0,18129
Posey,Mitchell Williams,0,18129
Posey,Randall F,0,18129
Posey,Shawn Howard,0,18129
Posey,Valerie Mccray,1,18129
Pulaski,Abram Loeb,0,18131
Pulaski,Brian Carroll,0,18131
Pulaski,Christopher Stried,0,18131
Pulaski,Deborah Rouse,0,18131
Pulaski,Donald J. Trump,4246,18131
Pulaski,Howie Hawkins,0,18131
Pulaski,James L Johnson Jr.,0,18131
Pulaski,Jo Jorgensen,97,18131
Pulaski,Joe Schriner,0,18131
Pulaski,Joseph R. Biden,1463,18131
Pulaski,Kasey Wells,0,18131
Pulaski,Mitchell Williams,0,18131
Pulaski,Randall F,0,18131
Pulaski,Shawn Howard,0,18131
Pulaski,Valerie Mccray,0,18131
Putnam,Abram Loeb,0,18133
Putnam,Brian Carroll,2,18133
Putnam,Christopher Stried,0,18133
Putnam,Deborah Rouse,0,18133
Putnam,Donald J. Trump,12278,18133
Putnam,Howie Hawkins,0,18133
Putnam,James L Johnson Jr.,0,18133
Putnam,Jo Jorgensen,371,18133
Putnam,Joe Schriner,0,18133
Putnam,Joseph R. Biden,3946,18133
Putnam,Kasey Wells,0,18133
Putnam,Mitchell Williams,0,18133
Putnam,Randall F,0,18133
Putnam,Shawn Howard,0,18133
Putnam,Valerie Mccray,0,18133
Randolph,Abram Loeb,0,18135
Randolph,Brian Carroll,1,18135
Randolph,Christopher Stried,0,18135
Randolph,Deborah Rouse,0,18135
Randolph,Donald J. Trump,8312,18135
Randolph,Howie Hawkins,1,18135
Randolph,James L Johnson Jr.,0,18135
Randolph,Jo Jorgensen,243,18135
Randolph,Joe Schriner,0,18135
Randolph,Joseph R. Biden,2513,18135
Randolph,Kasey Wells,0,18135
Randolph,Mitchell Williams,0,18135
Randolph,Randall F,0,18135
Randolph,Shawn Howard,0,18135
Randolph,Valerie Mccray,0,18135
Ripley,Abram Loeb,0,18137
Ripley,Brian Carroll,3,18137
Ripley,Christopher Stried,0,18137
Ripley,Deborah Rouse,0,18137
Ripley,Donald J. Trump,11261,18137
Ripley,Howie Hawkins,4,18137
Ripley,James L Johnson Jr.,0,18137
Ripley,Jo Jorgensen,229,18137
Ripley,Joe Schriner,0,18137
Ripley,Joseph R. Biden,2774,18137
Ripley,Kasey Wells,0,18137
Ripley,Mitchell Williams,0,18137
Ripley,Randall F,0,18137
Ripley,Shawn Howard,0,18137
Ripley,Valerie Mccray,0,18137
Rush,Abram Loeb,0,18139
Rush,Brian Carroll,0,18139
Rush,Christopher Stried,0,18139
Rush,Deborah Rouse,0,18139
Rush,Donald J. Trump,6035,18139
Rush,Howie Hawkins,0,18139
Rush,James L Johnson Jr.,0,18139
Rush,Jo Jorgensen,143,18139
Rush,Joe Schriner,0,18139
Rush,Joseph R. Biden,1754,18139
Rush,Kasey Wells,0,18139
Rush,Mitchell Williams,0,18139
Rush,Randall F,0,18139
Rush,Shawn Howard,0,18139
Rush,Valerie Mccray,0,18139
Scott,Abram Loeb,0,18143
Scott,Brian Carroll,0,18143
Scott,Christopher Stried,0,18143
Scott,Deborah Rouse,0,18143
Scott,Donald J. Trump,7331,18143
Scott,Howie Hawkins,1,18143
Scott,James L Johnson Jr.,0,18143
Scott,Jo Jorgensen,134,18143
Scott,Joe Schriner,0,18143
Scott,Joseph R. Biden,2701,18143
Scott,Kasey Wells,0,18143
Scott,Mitchell Williams,0,18143
Scott,Randall F,0,18143
Scott,Shawn Howard,0,18143
Scott,Valerie Mccray,0,18143
Shelby,Abram Loeb,0,18145
Shelby,Brian Carroll,0,18145
Shelby,Christopher Stried,0,18145
Shelby,Deborah Rouse,0,18145
Shelby,Donald J. Trump,14568,18145
Shelby,Howie Hawkins,0,18145
Shelby,James L Johnson Jr.,0,18145
Shelby,Jo Jorgensen,400,18145
Shelby,Joe Schriner,0,18145
Shelby,Joseph R. Biden,5023,18145
Shelby,Kasey Wells,0,18145
Shelby,Mitchell Williams,0,18145
Shelby,Randall F,0,18145
Shelby,Shawn Howard,0,18145
Shelby,Valerie Mccray,0,18145
Spencer,Abram Loeb,0,18147
Spencer,Brian Carroll,0,18147
Spencer,Christopher Stried,0,18147
Spencer,Deborah Rouse,0,18147
Spencer,Donald J. Trump,7357,18147
Spencer,Howie Hawkins,0,18147
Spencer,James L Johnson Jr.,0,18147
Spencer,Jo Jorgensen,199,18147
Spencer,Joe Schriner,0,18147
Spencer,Joseph R. Biden,3213,18147
Spencer,Kasey Wells,0,18147
Spencer,Mitchell Williams,0,18147
Spencer,Randall F,0,18147
Spencer,Shawn Howard,0,18147
Spencer,Valerie Mccray,0,18147
St. Joseph,Abram Loeb,0,18141
St. Joseph,Brian Carroll,198,18141
St. Joseph,Christopher Stried,0,18141
St. Joseph,Deborah Rouse,0,18141
St. Joseph,Donald J. Trump,53164,18141
St. Joseph,Howie Hawkins,55,18141
St. Joseph,James L Johnson Jr.,0,18141
St. Joseph,Jo Jorgensen,1925,18141
St. Joseph,Joe Schriner,0,18141
St. Joseph,Joseph R. Biden,59896,18141
St. Joseph,Kasey Wells,0,18141
St. Joseph,Mitchell Williams,0,18141
St. Joseph,Randall F,0,18141
St. Joseph,Shawn Howard,0,18141
St. Joseph,Valerie Mccray,0,18141
Starke,Abram Loeb,0,18149
Starke,Brian Carroll,0,18149
Starke,Christopher Stried,0,18149
Starke,Deborah Rouse,0,18149
Starke,Donald J. Trump,7466,18149
Starke,Howie Hawkins,0,18149
Starke,James L Johnson Jr.,0,18149
Starke,Jo Jorgensen,174,18149
Starke,Joe Schriner,0,18149
Starke,Joseph R. Biden,2650,18149
Starke,Kasey Wells,0,18149
Starke,Mitchell Williams,0,18149
Starke,Randall F,0,18149
Starke,Shawn Howard,0,18149
Starke,Valerie Mccray,0,18149
Steuben,Abram Loeb,0,18151
Steuben,Brian Carroll,2,18151
Steuben,Christopher Stried,0,18151
Steuben,Deborah Rouse,1,18151
Steuben,Donald J. Trump,11327,18151
Steuben,Howie Hawkins,7,18151
Steuben,James L Johnson Jr.,0,18151
Steuben,Jo Jorgensen,312,18151
Steuben,Joe Schriner,0,18151
Steuben,Joseph R. Biden,4513,18151
Steuben,Kasey Wells,0,18151
Steuben,Mitchell Williams,0,18151
Steuben,Randall F,0,18151
Steuben,Shawn Howard,0,18151
Steuben,Valerie Mccray,0,18151
Sullivan,Abram Loeb,0,18153
Sullivan,Brian Carroll,0,18153
Sullivan,Christopher Stried,0,18153
Sullivan,Deborah Rouse,0,18153
Sullivan,Donald J. Trump,6691,18153
Sullivan,Howie Hawkins,0,18153
Sullivan,James L Johnson Jr.,0,18153
Sullivan,Jo Jorgensen,150,18153
Sullivan,Joe Schriner,0,18153
Sullivan,Joseph R. Biden,2153,18153
Sullivan,Kasey Wells,0,18153
Sullivan,Mitchell Williams,0,18153
Sullivan,Randall F,0,18153
Sullivan,Shawn Howard,0,18153
Sullivan,Valerie Mccray,0,18153
Switzerland,Abram Loeb,0,18155
Switzerland,Brian Carroll,0,18155
Switzerland,Christopher Stried,0,18155
Switzerland,Deborah Rouse,0,18155
Switzerland,Donald J. Trump,3133,18155
Switzerland,Howie Hawkins,0,18155
Switzerland,James L Johnson Jr.,1,18155
Switzerland,Jo Jorgensen,55,18155
Switzerland,Joe Schriner,0,18155
Switzerland,Joseph R. Biden,964,18155
Switzerland,Kasey Wells,0,18155
Switzerland,Mitchell Williams,1,18155
Switzerland,Randall F,0,18155
Switzerland,Shawn Howard,0,18155
Switzerland,Valerie Mccray,0,18155
Tippecanoe,Abram Loeb,0,18157
Tippecanoe,Brian Carroll,8,18157
Tippecanoe,Christopher Stried,0,18157
Tippecanoe,Deborah Rouse,0,18157
Tippecanoe,Donald J. Trump,34581,18157
Tippecanoe,Howie Hawkins,10,18157
Tippecanoe,James L Johnson Jr.,0,18157
Tippecanoe,Jo Jorgensen,1832,18157
Tippecanoe,Joe Schriner,0,18157
Tippecanoe,Joseph R. Biden,35017,18157
Tippecanoe,Kasey Wells,0,18157
Tippecanoe,Mitchell Williams,0,18157
Tippecanoe,Randall F,0,18157
Tippecanoe,Shawn Howard,0,18157
Tippecanoe,Valerie Mccray,0,18157
Tipton,Abram Loeb,0,18159
Tipton,Brian Carroll,0,18159
Tipton,Christopher Stried,0,18159
Tipton,Deborah Rouse,0,18159
Tipton,Donald J. Trump,6110,18159
Tipton,Howie Hawkins,1,18159
Tipton,James L Johnson Jr.,0,18159
Tipton,Jo Jorgensen,171,18159
Tipton,Joe Schriner,0,18159
Tipton,Joseph R. Biden,1834,18159
Tipton,Kasey Wells,0,18159
Tipton,Mitchell Williams,0,18159
Tipton,Randall F,0,18159
Tipton,Shawn Howard,0,18159
Tipton,Valerie Mccray,0,18159
Union,Abram Loeb,0,18161
Union,Brian Carroll,0,18161
Union,Christopher Stried,0,18161
Union,Deborah Rouse,0,18161
Union,Donald J. Trump,2688,18161
Union,Howie Hawkins,0,18161
Union,James L Johnson Jr.,0,18161
Union,Jo Jorgensen,59,18161
Union,Joe Schriner,0,18161
Union,Joseph R. Biden,736,18161
Union,Kasey Wells,0,18161
Union,Mitchell Williams,0,18161
Union,Randall F,0,18161
Union,Shawn Howard,0,18161
Union,Valerie Mccray,0,18161
Vanderburgh,Abram Loeb,0,18163
Vanderburgh,Brian Carroll,31,18163
Vanderburgh,Christopher Stried,0,18163
Vanderburgh,Deborah Rouse,0,18163
Vanderburgh,Donald J. Trump,41844,18163
Vanderburgh,Howie Hawkins,45,18163
Vanderburgh,James L Johnson Jr.,0,18163
Vanderburgh,Jo Jorgensen,1322,18163
Vanderburgh,Joe Schriner,2,18163
Vanderburgh,Joseph R. Biden,34415,18163
Vanderburgh,Kasey Wells,0,18163
Vanderburgh,Mitchell Williams,0,18163
Vanderburgh,Randall F,1,18163
Vanderburgh,Shawn Howard,2,18163
Vanderburgh,Valerie Mccray,0,18163
Vermillion,Abram Loeb,0,18165
Vermillion,Brian Carroll,1,18165
Vermillion,Christopher Stried,0,18165
Vermillion,Deborah Rouse,0,18165
Vermillion,Donald J. Trump,5184,18165
Vermillion,Howie Hawkins,0,18165
Vermillion,James L Johnson Jr.,0,18165
Vermillion,Jo Jorgensen,151,18165
Vermillion,Joe Schriner,0,18165
Vermillion,Joseph R. Biden,2145,18165
Vermillion,Kasey Wells,0,18165
Vermillion,Mitchell Williams,0,18165
Vermillion,Randall F,0,18165
Vermillion,Shawn Howard,0,18165
Vermillion,Valerie Mccray,0,18165
Vigo,Abram Loeb,0,18167
Vigo,Brian Carroll,11,18167
Vigo,Christopher Stried,0,18167
Vigo,Deborah Rouse,0,18167
Vigo,Donald J. Trump,24545,18167
Vigo,Howie Hawkins,15,18167
Vigo,James L Johnson Jr.,0,18167
Vigo,Jo Jorgensen,900,18167
Vigo,Joe Schriner,0,18167
Vigo,Joseph R. Biden,18123,18167
Vigo,Kasey Wells,0,18167
Vigo,Mitchell Williams,0,18167
Vigo,Randall F,0,18167
Vigo,Shawn Howard,0,18167
Vigo,Valerie Mccray,0,18167
Wabash,Abram Loeb,0,18169
Wabash,Brian Carroll,2,18169
Wabash,Christopher Stried,0,18169
Wabash,Deborah Rouse,0,18169
Wabash,Donald J. Trump,10762,18169
Wabash,Howie Hawkins,1,18169
Wabash,James L Johnson Jr.,0,18169
Wabash,Jo Jorgensen,317,18169
Wabash,Joe Schriner,0,18169
Wabash,Joseph R. Biden,3494,18169
Wabash,Kasey Wells,0,18169
Wabash,Mitchell Williams,0,18169
Wabash,Randall F,0,18169
Wabash,Shawn Howard,0,18169
Wabash,Valerie Mccray,0,18169
Warren,Abram Loeb,0,18171
Warren,Brian Carroll,1,18171
Warren,Christopher Stried,0,18171
Warren,Deborah Rouse,0,18171
Warren,Donald J. Trump,3401,18171
Warren,Howie Hawkins,0,18171
Warren,James L Johnson Jr.,0,18171
Warren,Jo Jorgensen,96,18171
Warren,Joe Schriner,0,18171
Warren,Joseph R. Biden,974,18171
Warren,Kasey Wells,0,18171
Warren,Mitchell Williams,0,18171
Warren,Randall F,0,18171
Warren,Shawn Howard,0,18171
Warren,Valerie Mccray,0,18171
Warrick,Abram Loeb,0,18173
Warrick,Brian Carroll,12,18173
Warrick,Christopher Stried,0,18173
Warrick,Deborah Rouse,0,18173
Warrick,Donald J. Trump,21326,18173
Warrick,Howie Hawkins,9,18173
Warrick,James L Johnson Jr.,0,18173
Warrick,Jo Jorgensen,557,18173
Warrick,Joe Schriner,1,18173
Warrick,Joseph R. Biden,11923,18173
Warrick,Kasey Wells,0,18173
Warrick,Mitchell Williams,0,18173
Warrick,Randall F,0,18173
Warrick,Shawn Howard,0,18173
Warrick,Valerie Mccray,1,18173
Washington,Abram Loeb,0,18175
Washington,Brian Carroll,2,18175
Washington,Christopher Stried,0,18175
Washington,Deborah Rouse,0,18175
Washington,Donald J. Trump,9114,18175
Washington,Howie Hawkins,6,18175
Washington,James L Johnson Jr.,0,18175
Washington,Jo Jorgensen,233,18175
Washington,Joe Schriner,0,18175
Washington,Joseph R. Biden,2784,18175
Washington,Kasey Wells,0,18175
Washington,Mitchell Williams,0,18175
Washington,Randall F,0,18175
Washington,Shawn Howard,0,18175
Washington,Valerie Mccray,0,18175
Wayne,Abram Loeb,0,18177
Wayne,Brian Carroll,3,18177
Wayne,Christopher Stried,0,18177
Wayne,Deborah Rouse,0,18177
Wayne,Donald J. Trump,17567,18177
Wayne,Howie Hawkins,14,18177
Wayne,James L Johnson Jr.,0,18177
Wayne,Jo Jorgensen,571,18177
Wayne,Joe Schriner,0,18177
Wayne,Joseph R. Biden,9524,18177
Wayne,Kasey Wells,0,18177
Wayne,Mitchell Williams,0,18177
Wayne,Randall F,0,18177
Wayne,Shawn Howard,0,18177
Wayne,Valerie Mccray,0,18177
Wells,Abram Loeb,0,18179
Wells,Brian Carroll,4,18179
Wells,Christopher Stried,0,18179
Wells,Deborah Rouse,0,18179
Wells,Donald J. Trump,10855,18179
Wells,Howie Hawkins,2,18179
Wells,James L Johnson Jr.,0,18179
Wells,Jo Jorgensen,261,18179
Wells,Joe Schriner,0,18179
Wells,Joseph R. Biden,2928,18179
Wells,Kasey Wells,0,18179
Wells,Mitchell Williams,0,18179
Wells,Randall F,0,18179
Wells,Shawn Howard,0,18179
Wells,Valerie Mccray,0,18179
White,Abram Loeb,0,18181
White,Brian Carroll,5,18181
White,Christopher Stried,0,18181
White,Deborah Rouse,0,18181
White,Donald J. Trump,7957,18181
White,Howie Hawkins,2,18181
White,James L Johnson Jr.,0,18181
White,Jo Jorgensen,170,18181
White,Joe Schriner,0,18181
White,Joseph R. Biden,3032,18181
White,Kasey Wells,0,18181
White,Mitchell Williams,0,18181
White,Randall F,0,18181
White,Shawn Howard,0,18181
White,Valerie Mccray,0,18181
Whitley,Abram Loeb,0,18183
Whitley,Brian Carroll,3,18183
Whitley,Christopher Stried,0,18183
Whitley,Deborah Rouse,0,18183
Whitley,Donald J. Trump,12862,18183
Whitley,Howie Hawkins,3,18183
Whitley,James L Johnson Jr.,0,18183
Whitley,Jo Jorgensen,453,18183
Whitley,Joe Schriner,0,18183
Whitley,Joseph R. Biden,4234,18183
Whitley,Kasey Wells,0,18183
Whitley,Mitchell Williams,0,18183
Whitley,Randall F,0,18183
Whitley,Shawn Howard,1,18183
Whitley,Valerie Mccray,0,18183
