,county,candidate,votes
673,Central,Jade Simmons,0.0
578,Central,Jo Jorgensen,414.0
740,Central,Donald J. Trump,9.737
585,Central,Jo Jorgensen,64.0
158,Central,President R19 Boddie Stoneham,0.0
323,Central,Howie Hawkins,163.0
736,Central,Donald J. Trump,9.949
481,Central,Dario Hunter,0.0
322,Central,Howie Hawkins,70.0
321,Central,Howie Hawkins,17.0
586,Central,Jo Jorgensen,257.0
587,Central,Jo Jorgensen,459.0
153,Central,President R19 Boddie Stoneham,0.0
416,Central,Tom Hoefling,3.0
591,Central,Jo Jorgensen,170.0
728,Central,Donald J. Trump,211.237
727,Central,Donald J. Trump,9.473
726,Central,Donald J. Trump,50.797
592,Central,Jo Jorgensen,295.0
724,Central,Donald J. Trump,66.356
314,Central,Howie Hawkins,112.0
720,Central,Donald J. Trump,15.436
312,Central,Howie Hawkins,46.0
593,Central,Jo Jorgensen,123.0
719,Central,Donald J. Trump,12.325
167,Central,President R19 Boddie Stoneham,0.0
152,Central,President R19 Boddie Stoneham,1.0
151,Central,President R19 Boddie Stoneham,0.0
327,Central,Howie Hawkins,47.0
120,Central,President R19 Boddie Stoneham,0.0
768,Central,Donald J. Trump,20.593
767,Central,Donald J. Trump,12.357
476,Central,Dario Hunter,0.0
124,Central,President R19 Boddie Stoneham,0.0
572,Central,Jo Jorgensen,1.279
763,Central,Donald J. Trump,27.867
762,Central,Donald J. Trump,14.077
129,Central,President R19 Boddie Stoneham,0.0
761,Central,Donald J. Trump,5.041
638,Central,Jade Simmons,3.0
415,Central,Tom Hoefling,0.0
334,Central,Howie Hawkins,116.0
754,Central,Donald J. Trump,19.023
136,Central,President R19 Boddie Stoneham,0.0
138,Central,President R19 Boddie Stoneham,0.0
576,Central,Jo Jorgensen,269.0
752,Central,Donald J. Trump,13.835
329,Central,Howie Hawkins,22.0
748,Central,Donald J. Trump,59.514
145,Central,President R19 Boddie Stoneham,0.0
146,Central,President R19 Boddie Stoneham,0.0
147,Central,President R19 Boddie Stoneham,0.0
328,Central,Howie Hawkins,65.0
745,Central,Donald J. Trump,22.34
308,Central,Howie Hawkins,312.0
417,Central,Tom Hoefling,0.0
484,Central,Dario Hunter,0.0
305,Central,Howie Hawkins,86.0
674,Central,Jade Simmons,1.0
422,Central,Tom Hoefling,0.0
666,Central,Jade Simmons,0.0
233,Central,Brian Carroll,0.0
234,Central,Brian Carroll,2.0
235,Central,Brian Carroll,4.0
664,Central,Jade Simmons,0.0
280,Central,Howie Hawkins,53.0
279,Central,Howie Hawkins,62.0
239,Central,Brian Carroll,2.0
240,Central,Brian Carroll,8.0
241,Central,Brian Carroll,0.0
660,Central,Jade Simmons,7.0
246,Central,Brian Carroll,3.0
657,Central,Jade Simmons,0.0
652,Central,Jade Simmons,0.0
631,Central,Jade Simmons,0.0
632,Central,Jade Simmons,0.0
255,Central,Brian Carroll,0.0
488,Central,Dario Hunter,0.0
648,Central,Jade Simmons,0.0
636,Central,Jade Simmons,9.0
490,Central,Dario Hunter,0.0
640,Central,Jade Simmons,48.0
639,Central,Jade Simmons,0.0
284,Central,Howie Hawkins,293.0
769,Central,Donald J. Trump,9.157
226,Central,Brian Carroll,0.0
675,Central,Jade Simmons,1.0
598,Central,Jo Jorgensen,345.0
191,Central,Brian Carroll,0.0
192,Central,Brian Carroll,3.0
695,Central,Jade Simmons,0.0
300,Central,Howie Hawkins,40.0
196,Central,Brian Carroll,42.0
198,Central,Brian Carroll,28.0
199,Central,Brian Carroll,0.0
200,Central,Brian Carroll,240.0
498,Central,Dario Hunter,0.0
296,Central,Howie Hawkins,44.0
431,Central,Tom Hoefling,0.0
686,Central,Jade Simmons,0.0
208,Central,Brian Carroll,0.0
607,Central,Jo Jorgensen,535.0
212,Central,Brian Carroll,5.0
497,Central,Dario Hunter,0.0
681,Central,Jade Simmons,0.0
680,Central,Jade Simmons,1.0
217,Central,Brian Carroll,9.0
288,Central,Howie Hawkins,2.169
679,Central,Jade Simmons,0.0
220,Central,Brian Carroll,33.0
287,Central,Howie Hawkins,32.0
286,Central,Howie Hawkins,223.0
224,Central,Brian Carroll,7.0
774,Central,Donald J. Trump,22.278
132,Central,President R19 Boddie Stoneham,0.0
851,Central,Kasey Wells,0.0
824,Central,Kasey Wells,0.0
16,Central,Joseph R. Biden,4.916
63,Central,Joseph R. Biden,4.098
64,Central,Joseph R. Biden,7.304
15,Central,Joseph R. Biden,4.125
65,Central,Joseph R. Biden,3.11
374,Central,Tom Hoefling,3.0
393,Central,Tom Hoefling,0.0
463,Central,Dario Hunter,0.0
372,Central,Tom Hoefling,5.0
70,Central,Joseph R. Biden,10.557
464,Central,Dario Hunter,3.0
816,Central,Kasey Wells,2.0
815,Central,Kasey Wells,0.0
814,Central,Kasey Wells,0.0
862,Central,Kasey Wells,0.0
41,Central,Joseph R. Biden,8.589
368,Central,Tom Hoefling,0.0
32,Central,Joseph R. Biden,3.062
367,Central,Tom Hoefling,0.0
828,Central,Kasey Wells,0.0
504,Central,Dario Hunter,0.0
409,Central,Tom Hoefling,0.0
410,Central,Tom Hoefling,2.0
48,Central,Joseph R. Biden,5.698
24,Central,Joseph R. Biden,409.144
23,Central,Joseph R. Biden,2.975
50,Central,Joseph R. Biden,8.269
22,Central,Joseph R. Biden,31.224
836,Central,Kasey Wells,0.0
59,Central,Joseph R. Biden,11.971
840,Central,Kasey Wells,0.0
833,Central,Kasey Wells,0.0
20,Central,Joseph R. Biden,57.735
376,Central,Tom Hoefling,15.0
375,Central,Tom Hoefling,0.0
460,Central,Dario Hunter,0.0
57,Central,Joseph R. Biden,1.725
58,Central,Joseph R. Biden,4.048
857,Central,Kasey Wells,0.0
343,Central,Howie Hawkins,100.0
462,Central,Dario Hunter,0.0
79,Central,Joseph R. Biden,11.141
812,Central,Kasey Wells,0.0
560,Central,Jo Jorgensen,192.0
499,Central,Dario Hunter,0.0
510,Central,Dario Hunter,0.0
871,Central,Kasey Wells,0.0
103,Central,President R19 Boddie Stoneham,0.0
104,Central,President R19 Boddie Stoneham,0.0
564,Central,Jo Jorgensen,162.0
400,Central,Tom Hoefling,0.0
849,Central,Kasey Wells,0.0
108,Central,President R19 Boddie Stoneham,0.0
569,Central,Jo Jorgensen,374.0
110,Central,President R19 Boddie Stoneham,0.0
111,Central,President R19 Boddie Stoneham,0.0
112,Central,President R19 Boddie Stoneham,1.0
850,Central,Kasey Wells,0.0
402,Central,Tom Hoefling,0.0
456,Central,Dario Hunter,0.0
36,Central,Joseph R. Biden,3.88
388,Central,Tom Hoefling,0.0
783,Central,Donald J. Trump,21.669
519,Central,Dario Hunter,0.0
543,Central,Jo Jorgensen,227.0
544,Central,Jo Jorgensen,278.0
455,Central,Dario Hunter,0.0
808,Central,Kasey Wells,0.0
807,Central,Kasey Wells,0.0
411,Central,Tom Hoefling,0.0
856,Central,Kasey Wells,1.0
503,Central,Dario Hunter,1.0
842,Central,Kasey Wells,0.0
548,Central,Jo Jorgensen,1.63
550,Central,Jo Jorgensen,1.033
551,Central,Jo Jorgensen,132.0
552,Central,Jo Jorgensen,7.718
505,Central,Dario Hunter,0.0
855,Central,Kasey Wells,0.0
396,Central,Tom Hoefling,10.0
472,Central,Dario Hunter,0.0
384,Central,Tom Hoefling,0.0
44,Central,Joseph R. Biden,33.055
389,Northeast,Tom Hoefling,2.0
285,Northeast,Howie Hawkins,153.0
517,Northeast,Dario Hunter,0.0
342,Northeast,Howie Hawkins,161.0
281,Northeast,Howie Hawkins,2.031
401,Northeast,Tom Hoefling,0.0
267,Northeast,Howie Hawkins,196.0
491,Northeast,Dario Hunter,0.0
398,Northeast,Tom Hoefling,8.0
633,Northeast,Jade Simmons,18.0
506,Northeast,Dario Hunter,0.0
273,Northeast,Howie Hawkins,56.0
630,Northeast,Jade Simmons,0.0
625,Northeast,Jade Simmons,0.0
394,Northeast,Tom Hoefling,1.0
619,Northeast,Jade Simmons,0.0
618,Northeast,Jade Simmons,0.0
515,Northeast,Dario Hunter,0.0
516,Northeast,Dario Hunter,2.0
390,Northeast,Tom Hoefling,0.0
421,Northeast,Tom Hoefling,2.0
278,Northeast,Howie Hawkins,162.0
302,Northeast,Howie Hawkins,83.0
612,Northeast,Jo Jorgensen,665.0
579,Northeast,Jo Jorgensen,1.144
545,Northeast,Jo Jorgensen,4.593
361,Northeast,Tom Hoefling,3.0
549,Northeast,Jo Jorgensen,522.0
330,Northeast,Howie Hawkins,295.0
355,Northeast,Tom Hoefling,0.0
577,Northeast,Jo Jorgensen,966.0
354,Northeast,Tom Hoefling,0.0
366,Northeast,Tom Hoefling,0.0
333,Northeast,Howie Hawkins,168.0
348,Northeast,Howie Hawkins,173.0
574,Northeast,Jo Jorgensen,1.677
565,Northeast,Jo Jorgensen,125.0
570,Northeast,Jo Jorgensen,1.284
566,Northeast,Jo Jorgensen,387.0
339,Northeast,Howie Hawkins,683.0
340,Northeast,Howie Hawkins,888.0
341,Northeast,Howie Hawkins,356.0
555,Northeast,Jo Jorgensen,534.0
518,Northeast,Dario Hunter,0.0
369,Northeast,Tom Hoefling,4.0
537,Northeast,Jo Jorgensen,156.0
291,Northeast,Howie Hawkins,132.0
524,Northeast,Dario Hunter,0.0
606,Northeast,Jo Jorgensen,494.0
605,Northeast,Jo Jorgensen,913.0
604,Northeast,Jo Jorgensen,3.003
603,Northeast,Jo Jorgensen,2.163
418,Northeast,Tom Hoefling,2.0
379,Northeast,Tom Hoefling,1.0
542,Northeast,Jo Jorgensen,607.0
530,Northeast,Jo Jorgensen,345.0
531,Northeast,Jo Jorgensen,559.0
597,Northeast,Jo Jorgensen,680.0
306,Northeast,Howie Hawkins,408.0
594,Northeast,Jo Jorgensen,906.0
310,Northeast,Howie Hawkins,534.0
313,Northeast,Howie Hawkins,436.0
315,Northeast,Howie Hawkins,266.0
373,Northeast,Tom Hoefling,0.0
301,Northeast,Howie Hawkins,26.0
266,Northeast,Howie Hawkins,105.0
692,Northeast,Jade Simmons,10.0
260,Northeast,Brian Carroll,19.0
77,Northeast,Joseph R. Biden,44.519
78,Northeast,Joseph R. Biden,12.889
813,Northeast,Kasey Wells,0.0
809,Northeast,Kasey Wells,1.0
84,Northeast,Joseph R. Biden,16.66
806,Northeast,Kasey Wells,0.0
801,Northeast,Kasey Wells,0.0
795,Northeast,Kasey Wells,0.0
90,Northeast,President R19 Boddie Stoneham,0.0
91,Northeast,President R19 Boddie Stoneham,0.0
794,Northeast,Kasey Wells,0.0
467,Northeast,Dario Hunter,0.0
788,Northeast,Donald J. Trump,36.759
97,Northeast,President R19 Boddie Stoneham,0.0
782,Northeast,Donald J. Trump,30.458
781,Northeast,Donald J. Trump,55.194
780,Northeast,Donald J. Trump,124.833
102,Northeast,President R19 Boddie Stoneham,0.0
105,Northeast,President R19 Boddie Stoneham,0.0
779,Northeast,Donald J. Trump,111.097
443,Northeast,Dario Hunter,0.0
109,Northeast,President R19 Boddie Stoneham,0.0
442,Northeast,Dario Hunter,0.0
115,Northeast,President R19 Boddie Stoneham,0.0
773,Northeast,Donald J. Trump,41.472
770,Northeast,Donald J. Trump,45.99
125,Northeast,President R19 Boddie Stoneham,0.0
126,Northeast,President R19 Boddie Stoneham,0.0
130,Northeast,President R19 Boddie Stoneham,0.0
76,Northeast,Joseph R. Biden,151.668
75,Northeast,Joseph R. Biden,75.904
69,Northeast,Joseph R. Biden,17.64
819,Northeast,Kasey Wells,0.0
2,Northeast,Joseph R. Biden,6.541
3,Northeast,Joseph R. Biden,16.497
876,Northeast,Kasey Wells,0.0
870,Northeast,Kasey Wells,2.0
869,Northeast,Kasey Wells,0.0
868,Northeast,Kasey Wells,0.0
9,Northeast,Joseph R. Biden,3.251
867,Northeast,Kasey Wells,0.0
454,Northeast,Dario Hunter,0.0
14,Northeast,Joseph R. Biden,13.359
17,Northeast,Joseph R. Biden,416.176
861,Northeast,Kasey Wells,0.0
21,Northeast,Joseph R. Biden,17.493
858,Northeast,Kasey Wells,0.0
637,Northeast,Jade Simmons,0.0
27,Northeast,Joseph R. Biden,21.201
843,Northeast,Kasey Wells,1.0
37,Northeast,Joseph R. Biden,1.994
38,Northeast,Joseph R. Biden,7.759
841,Northeast,Kasey Wells,0.0
42,Northeast,Joseph R. Biden,55.514
46,Northeast,Joseph R. Biden,75.667
838,Northeast,Kasey Wells,0.0
49,Northeast,Joseph R. Biden,57.641
51,Northeast,Joseph R. Biden,39.8
834,Northeast,Kasey Wells,0.0
830,Northeast,Kasey Wells,0.0
829,Northeast,Kasey Wells,0.0
66,Northeast,Joseph R. Biden,35.661
449,Northeast,Dario Hunter,0.0
461,Northeast,Dario Hunter,1.0
134,Northeast,President R19 Boddie Stoneham,0.0
755,Northeast,Donald J. Trump,64.598
139,Northeast,President R19 Boddie Stoneham,0.0
222,Northeast,Brian Carroll,24.0
428,Northeast,Tom Hoefling,3.0
218,Northeast,Brian Carroll,20.0
214,Northeast,Brian Carroll,5.0
213,Northeast,Brian Carroll,4.0
682,Northeast,Jade Simmons,1.0
225,Northeast,Brian Carroll,18.0
429,Northeast,Tom Hoefling,3.0
430,Northeast,Tom Hoefling,0.0
691,Northeast,Jade Simmons,5.0
203,Northeast,Brian Carroll,10.0
403,Northeast,Tom Hoefling,0.0
693,Northeast,Jade Simmons,1.0
197,Northeast,Brian Carroll,6.0
685,Northeast,Jade Simmons,1.0
694,Northeast,Jade Simmons,0.0
227,Northeast,Brian Carroll,16.0
667,Northeast,Jade Simmons,0.0
643,Northeast,Jade Simmons,0.0
489,Northeast,Dario Hunter,2.0
254,Northeast,Brian Carroll,11.0
253,Northeast,Brian Carroll,15.0
252,Northeast,Brian Carroll,66.0
251,Northeast,Brian Carroll,26.0
457,Northeast,Dario Hunter,3.0
653,Northeast,Jade Simmons,0.0
245,Northeast,Brian Carroll,12.0
658,Northeast,Jade Simmons,1.0
242,Northeast,Brian Carroll,17.0
662,Northeast,Jade Simmons,6.0
427,Northeast,Tom Hoefling,1.0
665,Northeast,Jade Simmons,0.0
654,Northeast,Jade Simmons,0.0
137,Northeast,President R19 Boddie Stoneham,0.0
193,Northeast,Brian Carroll,145.0
700,Northeast,Jade Simmons,3.0
753,Northeast,Donald J. Trump,59.903
477,Northeast,Dario Hunter,0.0
750,Northeast,Donald J. Trump,79.52
746,Northeast,Donald J. Trump,73.278
742,Northeast,Donald J. Trump,18.956
154,Northeast,President R19 Boddie Stoneham,0.0
741,Northeast,Donald J. Trump,10.796
157,Northeast,President R19 Boddie Stoneham,0.0
478,Northeast,Dario Hunter,0.0
731,Northeast,Donald J. Trump,34.143
163,Northeast,President R19 Boddie Stoneham,0.0
164,Northeast,President R19 Boddie Stoneham,0.0
165,Northeast,President R19 Boddie Stoneham,0.0
166,Northeast,President R19 Boddie Stoneham,0.0
190,Northeast,Brian Carroll,6.0
436,Northeast,Tom Hoefling,4.0
172,Northeast,President R19 Boddie Stoneham,0.0
486,Northeast,Dario Hunter,1.0
185,Northeast,Brian Carroll,1.0
706,Northeast,Donald J. Trump,19.407
707,Northeast,Donald J. Trump,26.89
718,Northeast,Donald J. Trump,35.726
713,Northeast,Donald J. Trump,10.745
178,Northeast,Brian Carroll,7.0
721,Northeast,Donald J. Trump,202.699
482,Northeast,Dario Hunter,3.0
725,Northeast,Donald J. Trump,22.16
179,Northeast,Brian Carroll,5.0
509,Northeast,Dario Hunter,0.0
501,Northwest,Dario Hunter,0.0
474,Northwest,Dario Hunter,0.0
471,Northwest,Dario Hunter,0.0
465,Northwest,Dario Hunter,0.0
487,Northwest,Dario Hunter,0.0
439,Northwest,Tom Hoefling,0.0
511,Northwest,Dario Hunter,0.0
703,Northwest,Jade Simmons,1.0
723,Northwest,Donald J. Trump,13.038
729,Northwest,Donald J. Trump,15.731
735,Northwest,Donald J. Trump,26.31
738,Northwest,Donald J. Trump,10.479
751,Northwest,Donald J. Trump,81.763
765,Northwest,Donald J. Trump,14.628
772,Northwest,Donald J. Trump,16.412
775,Northwest,Donald J. Trump,18.896
777,Northwest,Donald J. Trump,17.086
789,Northwest,Donald J. Trump,13.452
790,Northwest,Donald J. Trump,35.757
791,Northwest,Donald J. Trump,8.462
811,Northwest,Kasey Wells,0.0
817,Northwest,Kasey Wells,0.0
823,Northwest,Kasey Wells,0.0
826,Northwest,Kasey Wells,0.0
839,Northwest,Kasey Wells,0.0
853,Northwest,Kasey Wells,0.0
860,Northwest,Kasey Wells,0.0
863,Northwest,Kasey Wells,0.0
865,Northwest,Kasey Wells,0.0
877,Northwest,Kasey Wells,0.0
702,Northwest,Jade Simmons,4.0
508,Northwest,Dario Hunter,0.0
701,Northwest,Jade Simmons,0.0
687,Northwest,Jade Simmons,2.0
513,Northwest,Dario Hunter,0.0
525,Northwest,Dario Hunter,0.0
526,Northwest,Dario Hunter,0.0
527,Northwest,Dario Hunter,0.0
547,Northwest,Jo Jorgensen,272.0
553,Northwest,Jo Jorgensen,299.0
559,Northwest,Jo Jorgensen,580.0
562,Northwest,Jo Jorgensen,175.0
575,Northwest,Jo Jorgensen,2.605
589,Northwest,Jo Jorgensen,292.0
596,Northwest,Jo Jorgensen,247.0
599,Northwest,Jo Jorgensen,448.0
601,Northwest,Jo Jorgensen,357.0
613,Northwest,Jo Jorgensen,285.0
614,Northwest,Jo Jorgensen,992.0
615,Northwest,Jo Jorgensen,155.0
635,Northwest,Jade Simmons,0.0
641,Northwest,Jade Simmons,0.0
647,Northwest,Jade Simmons,3.0
650,Northwest,Jade Simmons,0.0
663,Northwest,Jade Simmons,19.0
677,Northwest,Jade Simmons,0.0
684,Northwest,Jade Simmons,0.0
689,Northwest,Jade Simmons,0.0
459,Northwest,Dario Hunter,0.0
879,Northwest,Kasey Wells,0.0
73,Northwest,Joseph R. Biden,8.266
31,Northwest,Joseph R. Biden,11.757
295,Northwest,Howie Hawkins,110.0
244,Northwest,Brian Carroll,6.0
420,Northwest,Tom Hoefling,0.0
34,Northwest,Joseph R. Biden,4.062
247,Northwest,Brian Carroll,0.0
71,Northwest,Joseph R. Biden,10.596
413,Northwest,Tom Hoefling,0.0
87,Northwest,Joseph R. Biden,2.733
349,Northwest,Howie Hawkins,70.0
249,Northwest,Brian Carroll,4.0
173,Northwest,President R19 Boddie Stoneham,0.0
122,Northwest,President R19 Boddie Stoneham,0.0
350,Northwest,Howie Hawkins,211.0
351,Northwest,Howie Hawkins,38.0
61,Northwest,Joseph R. Biden,9.008
399,Northwest,Tom Hoefling,2.0
47,Northwest,Joseph R. Biden,115.411
156,Northwest,President R19 Boddie Stoneham,0.0
159,Northwest,President R19 Boddie Stoneham,0.0
289,Northwest,Howie Hawkins,71.0
283,Northwest,Howie Hawkins,78.0
261,Northwest,Brian Carroll,2.0
386,Northwest,Tom Hoefling,0.0
262,Northwest,Brian Carroll,14.0
263,Northwest,Brian Carroll,1.0
161,Northwest,President R19 Boddie Stoneham,0.0
174,Northwest,President R19 Boddie Stoneham,0.0
175,Northwest,President R19 Boddie Stoneham,0.0
423,Northwest,Tom Hoefling,0.0
383,Northwest,Tom Hoefling,0.0
113,Northwest,President R19 Boddie Stoneham,0.0
68,Northwest,Joseph R. Biden,3.195
207,Northwest,Brian Carroll,11.0
195,Northwest,Brian Carroll,10.0
325,Northwest,Howie Hawkins,74.0
210,Northwest,Brian Carroll,4.0
311,Northwest,Howie Hawkins,780.0
371,Northwest,Tom Hoefling,2.0
332,Northwest,Howie Hawkins,61.0
335,Northwest,Howie Hawkins,132.0
237,Northwest,Brian Carroll,5.0
107,Northwest,President R19 Boddie Stoneham,0.0
135,Northwest,President R19 Boddie Stoneham,0.0
19,Northwest,Joseph R. Biden,5.981
438,Northwest,Tom Hoefling,1.0
223,Northwest,Brian Carroll,43.0
337,Northwest,Howie Hawkins,94.0
437,Northwest,Tom Hoefling,0.0
85,Northwest,Joseph R. Biden,4.842
149,Northwest,President R19 Boddie Stoneham,0.0
25,Northwest,Joseph R. Biden,6.664
86,Northwest,Joseph R. Biden,30.617
298,Northwest,Howie Hawkins,44.0
119,Northwest,President R19 Boddie Stoneham,0.0
377,Northwest,Tom Hoefling,0.0
425,Northwest,Tom Hoefling,3.0
878,Northwest,Kasey Wells,1.0
201,Northwest,Brian Carroll,5.0
131,Southeast,President R19 Boddie Stoneham,0.0
756,Southeast,Donald J. Trump,8.316
759,Southeast,Donald J. Trump,5.463
620,Southeast,Jade Simmons,2.0
787,Southeast,Donald J. Trump,22.307
127,Southeast,President R19 Boddie Stoneham,0.0
776,Southeast,Donald J. Trump,22.609
316,Southeast,Howie Hawkins,32.0
114,Southeast,President R19 Boddie Stoneham,0.0
117,Southeast,President R19 Boddie Stoneham,0.0
307,Southeast,Howie Hawkins,69.0
304,Southeast,Howie Hawkins,100.0
128,Southeast,President R19 Boddie Stoneham,0.0
303,Southeast,Howie Hawkins,30.0
297,Southeast,Howie Hawkins,36.0
293,Southeast,Howie Hawkins,67.0
609,Southeast,Jo Jorgensen,47.0
764,Southeast,Donald J. Trump,5.135
611,Southeast,Jo Jorgensen,372.0
290,Southeast,Howie Hawkins,32.0
600,Southeast,Jo Jorgensen,262.0
121,Southeast,President R19 Boddie Stoneham,0.0
268,Southeast,Howie Hawkins,115.0
140,Southeast,President R19 Boddie Stoneham,0.0
236,Southeast,Brian Carroll,0.0
180,Southeast,Brian Carroll,9.0
231,Southeast,Brian Carroll,0.0
668,Southeast,Jade Simmons,0.0
182,Southeast,Brian Carroll,6.0
671,Southeast,Jade Simmons,0.0
228,Southeast,Brian Carroll,0.0
676,Southeast,Jade Simmons,0.0
659,Southeast,Jade Simmons,0.0
710,Southeast,Donald J. Trump,23.56
219,Southeast,Brian Carroll,3.0
216,Southeast,Brian Carroll,56.0
215,Southeast,Brian Carroll,0.0
209,Southeast,Brian Carroll,0.0
688,Southeast,Jade Simmons,0.0
205,Southeast,Brian Carroll,2.0
202,Southeast,Brian Carroll,0.0
699,Southeast,Jade Simmons,0.0
708,Southeast,Donald J. Trump,10.862
622,Southeast,Jade Simmons,0.0
656,Southeast,Jade Simmons,1.0
248,Southeast,Brian Carroll,5.0
143,Southeast,President R19 Boddie Stoneham,0.0
747,Southeast,Donald J. Trump,20.306
148,Southeast,President R19 Boddie Stoneham,0.0
744,Southeast,Donald J. Trump,22.828
743,Southeast,Donald J. Trump,11.309
270,Southeast,Howie Hawkins,98.0
737,Southeast,Donald J. Trump,5.792
160,Southeast,President R19 Boddie Stoneham,0.0
655,Southeast,Jade Simmons,0.0
588,Southeast,Jo Jorgensen,25.0
259,Southeast,Brian Carroll,0.0
733,Southeast,Donald J. Trump,13.407
645,Southeast,Jade Simmons,0.0
730,Southeast,Donald J. Trump,10.645
169,Southeast,President R19 Boddie Stoneham,0.0
257,Southeast,Brian Carroll,1.0
649,Southeast,Jade Simmons,0.0
171,Southeast,President R19 Boddie Stoneham,0.0
642,Southeast,Jade Simmons,0.0
319,Southeast,Howie Hawkins,26.0
697,Southeast,Jade Simmons,1.0
324,Southeast,Howie Hawkins,13.0
500,Southeast,Dario Hunter,0.0
844,Southeast,Kasey Wells,0.0
412,Southeast,Tom Hoefling,0.0
407,Southeast,Tom Hoefling,0.0
39,Southeast,Joseph R. Biden,3.311
40,Southeast,Joseph R. Biden,10.018
43,Southeast,Joseph R. Biden,7.489
404,Southeast,Tom Hoefling,0.0
512,Southeast,Dario Hunter,0.0
395,Southeast,Tom Hoefling,0.0
52,Southeast,Joseph R. Biden,2.492
392,Southeast,Tom Hoefling,2.0
835,Southeast,Kasey Wells,0.0
385,Southeast,Tom Hoefling,0.0
832,Southeast,Kasey Wells,0.0
521,Southeast,Dario Hunter,0.0
831,Southeast,Kasey Wells,0.0
523,Southeast,Dario Hunter,0.0
55,Southeast,Joseph R. Biden,1.605
847,Southeast,Kasey Wells,0.0
381,Southeast,Tom Hoefling,0.0
33,Southeast,Joseph R. Biden,1.768
852,Southeast,Kasey Wells,0.0
4,Southeast,Joseph R. Biden,14.772
875,Southeast,Kasey Wells,0.0
873,Southeast,Kasey Wells,1.0
6,Southeast,Joseph R. Biden,9.138
466,Southeast,Dario Hunter,0.0
446,Southeast,Dario Hunter,0.0
469,Southeast,Dario Hunter,0.0
864,Southeast,Kasey Wells,0.0
444,Southeast,Dario Hunter,0.0
473,Southeast,Dario Hunter,0.0
479,Southeast,Dario Hunter,0.0
480,Southeast,Dario Hunter,0.0
435,Southeast,Tom Hoefling,0.0
483,Southeast,Dario Hunter,1.0
26,Southeast,Joseph R. Biden,2.99
433,Southeast,Tom Hoefling,0.0
29,Southeast,Joseph R. Biden,4.577
424,Southeast,Tom Hoefling,0.0
492,Southeast,Dario Hunter,0.0
495,Southeast,Dario Hunter,0.0
60,Southeast,Joseph R. Biden,1.17
391,Southeast,Tom Hoefling,0.0
92,Southeast,President R19 Boddie Stoneham,0.0
571,Southeast,Jo Jorgensen,259.0
568,Southeast,Jo Jorgensen,357.0
567,Southeast,Jo Jorgensen,144.0
336,Southeast,Howie Hawkins,91.0
345,Southeast,Howie Hawkins,17.0
347,Southeast,Howie Hawkins,109.0
796,Southeast,Kasey Wells,0.0
561,Southeast,Jo Jorgensen,59.0
798,Southeast,Kasey Wells,0.0
557,Southeast,Jo Jorgensen,177.0
554,Southeast,Jo Jorgensen,132.0
580,Southeast,Jo Jorgensen,111.0
356,Southeast,Tom Hoefling,0.0
358,Southeast,Tom Hoefling,1.0
94,Southeast,President R19 Boddie Stoneham,0.0
821,Southeast,Kasey Wells,0.0
83,Southeast,Joseph R. Biden,9.243
785,Southeast,Donald J. Trump,4.632
378,Southeast,Tom Hoefling,0.0
81,Southeast,Joseph R. Biden,1.331
532,Southeast,Jo Jorgensen,299.0
72,Southeast,Joseph R. Biden,9.08
825,Southeast,Kasey Wells,0.0
534,Southeast,Jo Jorgensen,285.0
818,Southeast,Kasey Wells,0.0
583,Southeast,Jo Jorgensen,54.0
12,Southwest,Joseph R. Biden,34.092
95,Southwest,President R19 Boddie Stoneham,0.0
100,Southwest,President R19 Boddie Stoneham,0.0
8,Southwest,Joseph R. Biden,69.613
188,Southwest,Brian Carroll,23.0
184,Southwest,Brian Carroll,51.0
189,Southwest,Brian Carroll,4.0
96,Southwest,President R19 Boddie Stoneham,0.0
874,Southwest,Kasey Wells,0.0
7,Southwest,Joseph R. Biden,4.38
698,Southwest,Jade Simmons,1.0
13,Southwest,Joseph R. Biden,4.697
786,Southwest,Donald J. Trump,87.988
183,Southwest,Brian Carroll,0.0
704,Southwest,Donald J. Trump,9.87
827,Southwest,Kasey Wells,0.0
711,Southwest,Donald J. Trump,16.48
734,Southwest,Donald J. Trump,177.886
822,Southwest,Kasey Wells,2.0
101,Southwest,President R19 Boddie Stoneham,0.0
82,Southwest,Joseph R. Biden,46.069
805,Southwest,Kasey Wells,0.0
804,Southwest,Kasey Wells,0.0
170,Southwest,President R19 Boddie Stoneham,0.0
88,Southwest,President R19 Boddie Stoneham,0.0
35,Southwest,Joseph R. Biden,3.799
800,Southwest,Kasey Wells,0.0
799,Southwest,Kasey Wells,0.0
123,Southwest,President R19 Boddie Stoneham,0.0
176,Southwest,Brian Carroll,0.0
30,Southwest,Joseph R. Biden,246.266
739,Southwest,Donald J. Trump,15.678
717,Southwest,Donald J. Trump,15.488
716,Southwest,Donald J. Trump,74.57
792,Southwest,Kasey Wells,0.0
712,Southwest,Donald J. Trump,114.392
118,Southwest,President R19 Boddie Stoneham,0.0
453,Southwest,Dario Hunter,0.0
0,Southwest,Joseph R. Biden,2.156
558,Southwest,Jo Jorgensen,5.211
258,Southwest,Brian Carroll,4.0
522,Southwest,Dario Hunter,0.0
646,Southwest,Jade Simmons,19.0
264,Southwest,Howie Hawkins,27.0
536,Southwest,Jo Jorgensen,2.177
535,Southwest,Jo Jorgensen,182.0
271,Southwest,Howie Hawkins,54.0
272,Southwest,Howie Hawkins,493.0
299,Southwest,Howie Hawkins,49.0
629,Southwest,Jade Simmons,0.0
628,Southwest,Jade Simmons,5.0
294,Southwest,Howie Hawkins,1.389
528,Southwest,Jo Jorgensen,92.0
352,Southwest,Tom Hoefling,0.0
624,Southwest,Jade Simmons,5.0
610,Southwest,Jo Jorgensen,1.747
623,Southwest,Jade Simmons,0.0
387,Southwest,Tom Hoefling,0.0
616,Southwest,Jade Simmons,0.0
276,Southwest,Howie Hawkins,271.0
382,Southwest,Tom Hoefling,5.0
541,Southwest,Jo Jorgensen,270.0
651,Southwest,Jade Simmons,3.0
540,Southwest,Jo Jorgensen,1.513
359,Southwest,Tom Hoefling,0.0
563,Southwest,Jo Jorgensen,146.0
452,Southwest,Dario Hunter,0.0
346,Southwest,Howie Hawkins,291.0
206,Southwest,Brian Carroll,150.0
448,Southwest,Dario Hunter,0.0
211,Southwest,Brian Carroll,1.0
447,Southwest,Dario Hunter,0.0
470,Southwest,Dario Hunter,1.0
360,Southwest,Tom Hoefling,6.0
277,Southwest,Howie Hawkins,67.0
365,Southwest,Tom Hoefling,1.0
434,Southwest,Tom Hoefling,0.0
364,Southwest,Tom Hoefling,6.0
440,Southwest,Dario Hunter,0.0
475,Southwest,Dario Hunter,0.0
363,West,Tom Hoefling,1.0
370,West,Tom Hoefling,0.0
353,West,Tom Hoefling,0.0
56,West,Joseph R. Biden,135.064
802,West,Kasey Wells,0.0
380,West,Tom Hoefling,5.0
810,West,Kasey Wells,0.0
803,West,Kasey Wells,3.0
539,West,Jo Jorgensen,829.0
357,West,Tom Hoefling,0.0
538,West,Jo Jorgensen,260.0
533,West,Jo Jorgensen,260.0
80,West,Joseph R. Biden,3.067
62,West,Joseph R. Biden,2.213
820,West,Kasey Wells,0.0
362,West,Tom Hoefling,0.0
67,West,Joseph R. Biden,4.493
546,West,Jo Jorgensen,331.0
529,West,Jo Jorgensen,590.0
74,West,Joseph R. Biden,4.465
194,West,Brian Carroll,5.0
54,West,Joseph R. Biden,15.663
28,West,Joseph R. Biden,34.798
485,West,Dario Hunter,0.0
859,West,Kasey Wells,0.0
18,West,Joseph R. Biden,4.731
441,West,Dario Hunter,0.0
445,West,Dario Hunter,0.0
11,West,Joseph R. Biden,24.076
866,West,Kasey Wells,0.0
10,West,Joseph R. Biden,5.062
468,West,Dario Hunter,0.0
5,West,Joseph R. Biden,4.651
872,West,Kasey Wells,0.0
450,West,Dario Hunter,1.0
451,West,Dario Hunter,7.0
1,West,Joseph R. Biden,14.149
432,West,Tom Hoefling,1.0
854,West,Kasey Wells,0.0
426,West,Tom Hoefling,2.0
493,West,Dario Hunter,0.0
53,West,Joseph R. Biden,4.03
514,West,Dario Hunter,0.0
837,West,Kasey Wells,0.0
397,West,Tom Hoefling,1.0
405,West,Tom Hoefling,0.0
507,West,Dario Hunter,0.0
406,West,Tom Hoefling,1.0
520,West,Dario Hunter,0.0
408,West,Tom Hoefling,2.0
845,West,Kasey Wells,0.0
846,West,Kasey Wells,0.0
414,West,Tom Hoefling,0.0
848,West,Kasey Wells,2.0
419,West,Tom Hoefling,0.0
496,West,Dario Hunter,0.0
494,West,Dario Hunter,0.0
502,West,Dario Hunter,1.0
45,West,Joseph R. Biden,5.055
573,West,Jo Jorgensen,272.0
797,West,Kasey Wells,0.0
722,West,Donald J. Trump,22.004
661,West,Jade Simmons,0.0
243,West,Brian Carroll,0.0
250,West,Brian Carroll,8.0
256,West,Brian Carroll,3.0
168,West,President R19 Boddie Stoneham,0.0
162,West,President R19 Boddie Stoneham,0.0
238,West,Brian Carroll,5.0
732,West,Donald J. Trump,52.072
265,West,Howie Hawkins,138.0
269,West,Howie Hawkins,64.0
634,West,Jade Simmons,1.0
274,West,Howie Hawkins,55.0
155,West,President R19 Boddie Stoneham,0.0
150,West,President R19 Boddie Stoneham,0.0
627,West,Jade Simmons,5.0
644,West,Jade Simmons,5.0
626,West,Jade Simmons,0.0
177,West,Brian Carroll,13.0
181,West,Brian Carroll,3.0
204,West,Brian Carroll,41.0
690,West,Jade Simmons,0.0
187,West,Brian Carroll,13.0
186,West,Brian Carroll,5.0
705,West,Donald J. Trump,33.116
683,West,Jade Simmons,0.0
678,West,Jade Simmons,0.0
232,West,Brian Carroll,85.0
709,West,Donald J. Trump,20.798
229,West,Brian Carroll,8.0
672,West,Jade Simmons,16.0
670,West,Jade Simmons,1.0
714,West,Donald J. Trump,14.589
715,West,Donald J. Trump,39.032
458,West,Dario Hunter,0.0
230,West,Brian Carroll,15.0
221,West,Brian Carroll,7.0
275,West,Howie Hawkins,245.0
144,West,President R19 Boddie Stoneham,0.0
749,West,Donald J. Trump,17.964
106,West,President R19 Boddie Stoneham,0.0
320,West,Howie Hawkins,884.0
584,West,Jo Jorgensen,3.418
99,West,President R19 Boddie Stoneham,1.0
98,West,President R19 Boddie Stoneham,0.0
784,West,Donald J. Trump,11.65
582,West,Jo Jorgensen,782.0
778,West,Donald J. Trump,20.422
581,West,Jo Jorgensen,204.0
331,West,Howie Hawkins,51.0
696,West,Jade Simmons,1.0
338,West,Howie Hawkins,71.0
93,West,President R19 Boddie Stoneham,0.0
344,West,Howie Hawkins,42.0
793,West,Kasey Wells,0.0
89,West,President R19 Boddie Stoneham,0.0
326,West,Howie Hawkins,38.0
318,West,Howie Hawkins,139.0
590,West,Jo Jorgensen,124.0
317,West,Howie Hawkins,67.0
142,West,President R19 Boddie Stoneham,0.0
141,West,President R19 Boddie Stoneham,0.0
621,West,Jade Simmons,1.0
133,West,President R19 Boddie Stoneham,0.0
757,West,Donald J. Trump,19.452
758,West,Donald J. Trump,41.371
760,West,Donald J. Trump,129.034
617,West,Jade Simmons,0.0
282,West,Howie Hawkins,62.0
608,West,Jo Jorgensen,201.0
766,West,Donald J. Trump,7.086
292,West,Howie Hawkins,264.0
602,West,Jo Jorgensen,290.0
771,West,Donald J. Trump,17.022
595,West,Jo Jorgensen,243.0
116,West,President R19 Boddie Stoneham,0.0
309,West,Howie Hawkins,69.0
556,West,Jo Jorgensen,1.458
669,West,Jade Simmons,0.0
